id,text,language,rating,labels,source,group
yelp-1,Terrible service. Every drink in the order was wrong. Starbucks should be easy not this slow and inefficient. She also couldn't figure out how to take payment with the app - how is that possible.,en,1,,yelp,pKykk7lnD6Tf9wSzJYRyJA
yelp-2,"O.M.G. WORST SERVICE EVER! EVER! I have to say that the service was so slow and she got so many things wrong with our meal that it was actually funny and we ended up having a good time because of it. I actually would recommend going here just for the experience - really, its so bad its funny. I",en,1,food-,yelp,_3Cv3TGUPMgnq7aADi13Wg
yelp-3,"They up charge you for a smile! 84.00 for a family of five to eat sandwiches, I reluctantly went ahead with it. Prices DO NOT REFLECT actual charges very fish and not trustworthy for travelers.",en,1,price_value-,yelp,-mIlmp5l4hKlp1tvHRdvTg
yelp-4,How corporate has not removed the franchise from this owner is beyond me. If you want to see how to run a fast food organization watch this video. https://www.youtube.com/watch?v=Ohc8QoJVslg,en,1,guide-|food-,yelp,MSnWYdS0w5m9JLcr1wHO4w
yelp-5,"I honestly do not understand why this place is so popular. I have tried the food here on three separate occasions, all of which were extremely disappointing. Salad was wilted, kid's meals were tiny yet expensive, chocolate pizza was disgusting, ice cream sundae arrived completely melted... should I go on??? Philadelphia has such an incredible food scene, so please do not waste your money coming here.",en,1,price_value-|food-,yelp,jkGQQ4_LgJx3hwPtCFkzbQ
yelp-6,"went to The Daily Bagel and found a hair baked into my bagel, when i took it up to show the lady who placed my order she turned to her staff and said, ""Alright, I don't know what the deal is but we found ANOTHER hair"". i use to love this place but after that and hearing that i had to turn down the free sandwich they offered to give me to go",en,1,guide-,yelp,Ee-V8jWifZDvRyFrSW5LIw
yelp-7,"Good parking but that's about it. The food is lower then average and the prices are horendous. The facilities are 1950 - terrible! The races (all of them) have seen a tremendous decrease in attendace to the point that one of them (F1) is no longer on the schedule and another (Brickyard) is about out the door. This place was special when the main series that raced there was the only series that raced there. Now it's a shadow of itself in virtually every way, shape and form.",en,1,price_value-|access_transport-|food-,yelp,kfqgGm2hJUj4NXEkkk1qIA
yelp-8,fuck this place ***TOURIST TRAP*** $13 sandwiches & bad attitudes with the bitchy hispanic cashier katrina should have put you out of business for good do not waste your time in the line the reason theres a line out the door is due to lack of speed,en,1,,yelp,iSRTaT9WngzB8JJ2YKJUig
yelp-9,This place sucks. It took us 30 minutes for the old ladies to serve us. AND THEY NEVER DID! And we just went to mcdognuts,en,1,,yelp,BQdozsc8akK4rbbFQTtflg
yelp-10,This is probably the worst Dunkin' Donuts I have been to. Been multiple times for specifically their cold brew and they've been out or forgot to make it every sing me time. Staff was super inexperienced and unprofessional. Use the Starbucks directly across the street if you don't want to be disappointed.,en,1,guide-,yelp,g2tZiRNl9Yyo1KWPkvrx7w
yelp-11,Absolute worst airline I have ever dealt with. They boarded all passengers on a plane with a leaking engine and made us sit there for over an hour. After we got off the plane the staff was so rude to us giving us attitude. Waited hours to get my luggage back and for them to figure out another flight for me. Complete bullshit. I will never book a flight with American Airlines again.,en,1,guide-,yelp,tc26Xp1LEKhkRR7K-mmkwg
yelp-12,"45 minutes to check in. 1 guy working at the front desk and 31 people standing in line. Still have 9 ahead of me, doesn't seem like they want people to stay here or they just don't care. Makes sense why the Atlantis is sold out (5 minute check in max) and why this hotel has a lot of availability. First and last time staying here for sure.",en,1,,yelp,wz8ZPfySQczcPgSyd33-HQ
yelp-13,"Went in for ice coffee, but they were out of ice and proceeded to try to sell me a luke warm cup of coffee in a plastic cup with no ice! I was quite surprised that they still rung it up full price and I was like, yo know what, its warm, forget it, and I left - without coffee. The girl never apologized and instead was annoyed that I didn't want the warm coffee! I'd rather her not waste my time and tell me they were out of ice. I had a much better experience when I went to Olde City coffee instead.",en,1,price_value-,yelp,oqYUDzhTzsw9N_Z8f0Q9IA
yelp-14,"This hotel's property and rooms are FILTHY!!! The motel and the property are dirty. They have no clue or don't care to clean the rooms properly to American motel cleanliness standards. The bathroom light fixtures have bugs sitting at the bottom, faux wood veneer peeling off the floor, door lock was broken, no non-slip surface in tub (dangerous), cigarette burns on tub and bed blanket and refrigerator hardly cool, never mind cold. Also, there are a large number of weekly rate people who are sketchy and trades people who think it's ok to be slamming doors and yelling at 5:00 a.m. Breakfast is a joke. Find another place.",en,1,facilities-|food-,yelp,woR_IVEe-L8GgEBgq-YxgA
yelp-15,"The owner shut down all indoor service and staffs the drive thru with the slowest skeleton crew possible. Expect to wait at least 30-45 min, even if there are only 3 cars ahead of you. The app is completely worthless. Order and pay on it expecting to be in and out. Not a chance. Quality is god-awful... If you don't think that McDonald's food can get any nastier than it always has been, swing on by.",en,1,guide-|price_value-|access_transport-|food-,yelp,_mGAcxIOqKcL3muEg3LHLA
yelp-16,RUDE cashier. Totally unwelcoming. Impatient and beyond rude. How do restaurants get away with such crappy customer service???,en,1,,yelp,RdIffoaCKPkct-1EjP3JCw
yelp-17,"I purchased a medical insurance policy to comply with the requirements of a Spanish Visa Application. The policy was rejected by the Spanish Government. I cancelled, yet IMG deducted over $5000 in premiums after cancelation. That money was returned, but they refuse to refund the premium. They sold a bad policy, they will not return the money. People in the USA office are difficult, but the foreign reps are good to deal with; they just work for a sketchy company.",en,1,,yelp,v5nFmEgsJL8Cqk_9obH-QQ
yelp-18,It isn't a bed and breakfast. It isn't a hotel. It's a worthless place to stay. Couldn't get the television to work though it was hooked up to cable. No one around to ask. There is a dead bolt on the door which is the only way to close the door. The only reason I stayed here was someone paid for it.,en,1,price_value-|food-,yelp,QX3g1tCeHvb_kIhLmtBj0A
yelp-19,"Smelled good, clean inside, this place should be good, right? Nope. Confusing menu and when I ordered they served the wrong entree. No problem, they fixed it. Then, the prices don't match the menu. Way over charged for what it should cost. We started eating our food and ""this is interesting""... Nothing tasted like it should. The spices were all wrong, dairy in what was claimed a vegetarian salad, just... underwhelming. The corner store sells dog food and at least you know what you are getting there. Needles to say, I will not be back.",en,1,price_value-|facilities-|food-,yelp,BErYojCJSO959vzaz9JclQ
yelp-20,The fries had no salt on them. The tea tasted watered down and I asked for ketchup for my LARGE fries and they gave me 1 packet,en,1,,yelp,dAKbutwo3PmXq1G_EMwDlw
yelp-21,Terribly rude owner who seems to think it is okay to yell at people for being anywhere near the patio space. The draw of Dunedin is the friendly/welcoming atmosphere and this place sticks out like a sore thumb fostering foul language and rude behavior. Clearly the owner is upset about other successful competition in the area and is taking it out in the general public.,en,1,guide-,yelp,dVckWYwsJ8Fr0VcCMUVHyQ
yelp-22,"The first time I stayed here I gave a 5 star review. The front desk was helpful and we were able to park upfront and everything was updated. Well now I'm back and of course it is awful. There is no more free parking, and the worst part is they control what you can put your thermostat to!!! It's very hot on the floor I'm on right now and the room smells very awful. I will never come back again.",en,1,access_transport-,yelp,W0RpA6o2aPMQepCv_vn_2Q
yelp-23,"This is by far the worst Dunkin' I have ever been to. For starters, if you plan on using the drive through and there's any amount of cars ahead of you, expect to sit and wait a minimum of 15 minutes. The orders are never correct and always taste old. And unfortunately to top it off, the staff is never friendly. Don't waste your time.",en,1,guide-|access_transport-,yelp,5n8bFTaTWsZwb2rgOQsDEg
yelp-24,"The hotel is very outdated, rooms need maintenance. Our room lights didn't work, we used our phone flash lights. It smells old and rusty. Plus, coffee machine inside the bathroom is a no no for me. I was too grossed out to enjoy my stay at the room.",en,1,facilities-,yelp,rSYyGcZZziJLsqKl5hMcDw
yelp-25,Gross!!! I walked into the bathroom after an employee. He didn't wash his hands and he pissed all over the toilet seat!! If I was a woman I would be super grossed out and pissed off!! I didn't want a donut after that so I walked right out!,en,1,facilities-,yelp,vhd0gUXen6B4km2VQlljVw
yelp-26,"The worst starbucks I have been to. Obviously the drinks are going to be the same which ever starbucks you go to, but the attitude you get -as mentioned by another peer- from some workers is horrendous. Never going to go here again.",en,1,,yelp,NCHUoBAMTDqI754PICPN9A
yelp-27,"Don't bother driving off the freeway for this restaurant. I had the worst ""tamale "" in my life. At least they took it off my bill. My husband's French dip must have been left over from yesterday, it was so dry.",en,1,,yelp,RHj1RITdSwuXTc-lfJPO-w
yelp-28,"Let's start off with this place sucked, we arrived at 5pm outside wait time was 1.5hr wait. Inside we were told would be about 45 min. We put our name down had some drinks. After waiting what seemed like forever we were called for a table 1 Hour later. We were sat and ordered our food it TOOK AN HOUR AND TEN MINUTES TO GET FOOD!!!!!!! most of it is fried food!!! And the service was absolutely we had to constantly find our waiter to get any refills and anything we needed. The whole experience was terrible and I wouldn't even take my dog here to eat. Do yourself a favor and save the disappointment.",en,1,communication-|food-,yelp,9f5GXEeTvBWnrZ-AHEjgJQ
yelp-29,"We were very disappointed in our stay last week. Our room was under some sort of reception space and it was a constant stream of noise from heels, people moving furniture, shoes, heels, more furniture. The food and the service in the restaurant was horrid and do not buy a ""spa package"" unless you want to get treated like a second class citizen. We did love the facials at the spa, that was slightly redeeming.",en,1,food-,yelp,PBtZNTQl5tRReeC8It1G7g
yelp-30,Stopped here to get a snowball in between classes. Waited in line over 10 minutes. When my turn was coming up she told the people before me she didn't have enough ice to make a lot of snowballs because they were supposed to be closed already. Cool. Next time say that before someone waits in line. Oh and I was there before they closed .,en,1,,yelp,fYz9PVDGjoLUb9qBRlSvfQ
yelp-31,Terrible hotel! The rooms are ancient and not well kept. The walls are paper thin and you can hear everything in the neighboring room. For the amount of money per night it's just not worth it. Look elsewhere! I wish we did! Lesson learned.,en,1,price_value-,yelp,zmEFVIU5cakWga2cyskz2Q
yelp-32,"Disappointed, tried and not true, won't return!! Food bland, not for the Cajun's at heart, or true down home southern cooking. Ham plate with red beans, potato salad, and grits was decent though too much rice. Shrimp Poboy good and plentiful, ham poboy sad story there!!! Over priced, and there's a reason the sign reads no tipping, it's taken out when you pay, and you pay before getting your food. You want good cooking marry a Cajun, Italian, and or southern girl or guy!!!!",en,1,price_value-|food-,yelp,iSRTaT9WngzB8JJ2YKJUig
yelp-33,"The place that answers the question, ""Can lobster be bad?"" Drive on by. There are good restaurants in Reno and Truckee.",en,1,access_transport-,yelp,z_UEbYUqX5aMIPgg_L0Z9g
yelp-34,"I recently placed an order for pick up. When the order was picked up, the lady at the counter was very rude, rolled her eyes, and did not seem to appreciate our business. We will gladly patron other local businesses that are more grateful during these uncertain times with the Coronavirus. The food was also under seasoned and not the usual quality we have had in the past.",en,1,food-,yelp,bVV6Y8WAPMyn5Cqqy8cU1A
yelp-35,"I don't think they are still selling plants here. When I stopped by, it was just a landscaping service company. I called them to confirm.",en,1,communication-,yelp,JLMeGCxudmCTHbp2HLS-Uw
yelp-36,This place is terrible. Every room smells like someone puked on the floor and then they tried to clean it up but failed but still left the carpets wet with toxic cleaning agents. Management has been unhelpful and at times rude. It was so bad we left our room at 1:30 am to switch hotels. Oh and it's the weekend of our wedding so we also brought about 60 other rooms of business to this fourth rate sh!thole. I can't stress enough that you should stay away. Terrible establishment. Disgusting. Avoid. Seriously.,en,1,facilities-,yelp,2XEf2xOj-iZImMeWELkQFw
yelp-37,Not authentic mexican food.Tastes very bland and not exciting.What a disappointment.Not worth the money.There are way better mexican joints around than this place.The food is not bad but definetely not good,en,1,price_value-|food-,yelp,vcrTtmz-VZTABbU1bGST4Q
yelp-38,Our family has stayed here multiple times over the last few years without any issues and we have enjoyed it. However our last experience was very unfortunate. My in laws were having issues with the TV and after around 4 attempts to fix it they asked to talk to a manager. The manager told the staff do what they can and if they were still unhappy that he would talk to them in the morning. The issues was not fixed. How is this expectable as a manager to treat guest in this manor. In the morning the manager was just as unpleasant. I highly do not recommend staying here for basic lack of customer service.,en,1,guide-,yelp,kP9to1xl9eyFKoM1EYDjQQ
yelp-39,Run away fast. This is one scary dump. No dead bolts on doors. Three different attempts by people to break In. Luckily we jammed a chair in the door. No phone in room. No one answered at desk from cell phone until I dialed 911. We are on 4th floor nice rooms my friend us on the 2nd. Toilet paper in peep hole. Stains and other terrible things run away stay up all night and party but do not stay here,en,1,facilities-,yelp,-rpI6XyHt76wV5g-mgibTg
yelp-40,"Disgusting! Paid $231 + $50 deposit. After driving for hours we get checked into a handicapped room and we aren't handicapped, it was filthy and barely cleaned! They would not accommodate and switch rooms, they where completely ""booked"" which had I went on Expedia I could of received a room for $95 under their completely booked hotel ! DO NOT STAY HERE! A 1 star was a privilege, I would of rated it -100. But they where oh so generous to give us breakfast, majority hotels offer free breakfast anyways! So upset!",en,1,communication-|facilities-|food-,yelp,lnUJXI_NsX8G4HX8jrVDag
yelp-41,"Hotel is dingy. Carpets are old, stained and smelly. The room reeks of air freshener to cover the smell in the room, but the air freshener is just as bad! The walls are thin, could hear people talking and running water in the next room. Had to wait 1.5 hours and 4 calls to get airport pickup. Desk on phone was rude, hung up on me once and placed on hold without a greeting the second time. They are pleasant in person, but not enough to make up for everything. Plenty of places in the area, overpriced for a rundown motel at best.",en,1,price_value-,yelp,ucXDsXHysx5S6EGU777WlA
yelp-42,"Downgrade, on account of bleh salespeople. It's one thing to avoid eyes or whatever--I prefer to not be followed around the store, so that's cool. But to make a customer feel like they are intruding in your personal space by entering the store? What kind of shopping establishment has sales people who don't greet or bid farewell to customers? I seriously felt uncomfortable. Thanks, but no thanks.",en,1,,yelp,WWEx8kEEjzV3mFu1dYfwAA
yelp-43,"Sadly, this place is not what it used to be. We had called ahead and were told 15 minutes. No big deal. We waited 30 minutes. Not a huge deal. We quickly placed our order and then waited over an hour to eat. Food arrived and half of what we ordered was wrong. If they knew they were short staffed then why fill every table? Why not tell us up front it would've been 30 minutes to get a table with an additional hour to eat? Really disappointing.",en,1,guide-|communication-|food-,yelp,sNoPDi--2hYuB2Z_VI8NXA
yelp-44,"No outdoor adult pool?? Seriously? All that space and you only use it for 2 huge 2 foot deep kiddie wading pools, a splash fountain, and a lazy river that I can't swim in? Unless I want to do laps or go down a slide, the designer of this park was clearly not thinking of adult leisure. Waste of time unless you have children. NOT a POOL",en,1,,yelp,Qcf4ihbB6V0FykFxppv_8w
yelp-45,"This location has officially received three strikes from me . 1st when the gave me a salad way past the enjoy by sticker. 2nd when I found mold on the brim of my soda. 3rd right now when I just received the driest cheeseburger ever made, no onions or pickles on it as if I requested none. To top it all off every time I file a complaint, NO ONE reaches out to me with a response!",en,1,access_transport-,yelp,IRrUGBV4BjumBG3oiRRF9Q
yelp-46,Worst rental car experience I have ever endured in 30+ years of renting vehicles!! Stay away from this location! One star because the return and shuttle were flawless.,en,1,access_transport-,yelp,F1nK5KDqxFWMMLdaz_djoQ
yelp-47,"This hotel is awful. It is dirty and does not adhere to CDC guidelines for preventing the spread of COVID. Hardly anyone wears a mask. I did not see anyone clean the lobby, hallways, or pool. The same dirt and hair balls sat on the floor in the lobby and my hallway for 5 days! Hotel is dirty and I found a roach in the bathroom my last night there. The housekeeping staff needs to do a better job of cleaning. The carpet in my room was disgusting. The entire hotel is gross and outdated. I will never stay here again. GROSS!!! Pay a little more and stay at the Hyatt or Westin. This place was a dump!!",en,1,guide-|facilities-,yelp,vhKv74jPIBW7rsSr1BBTag
yelp-48,What a dump. I traveled through last week. Garbage overflowing in concourse F along with broken toilets in the restrooms. Disgusting place.,en,1,facilities-,yelp,-QI8Qi8XWH3D8y8ethnajA
yelp-49,"Horrible company. Don't use them. Driver didn't help load my items and when I for help he ignored me. Then I pulled my stuff back out and said no thanks. He then rushed out of his van, slammed the trunk and called me a very derogatory name. Stay away!!!",en,1,communication-|access_transport-,yelp,jxcG0HH33mSacgNQ89bkqg
yelp-50,Worst airport in America. Delayed flight which isn't their fault but LITERALLY EVERYTHING in the terminal closed before 8pm. Nowhere to get dinner. Nowhere to have a drink. At 8pm... on a bloody Saturday. And rude staff. Will drive to Ohio or Chicago from now on.,en,1,guide-|access_transport-|food-,yelp,QTbahs-GVuWYL5yfdjH34A
yelp-51,"They say they give you ""free"" rides but in reality they still charge you. Please DO NOT download. They will over charge you. Its NOT worth it what so ever",en,1,price_value-,yelp,K1oIwHH0QNDOW5vTelfHgQ
yelp-52,Went to the location in Tampa for first time. Cool place when you walk in. I ordered a Large Latte with 2% milk and was charged $4.65. When I received my order it was in a SMALL cup and according the menu the cost for a Latte was $3.85. I let the Barista know that I had ordered a large and at that was told they only have one size. I asked why was I charged more than the $3.85 and was then told the there is a $.50 upcharge for skim milk. Should have been told all this when I ordered.,en,1,price_value-|access_transport-|food-,yelp,ASKMKkejMCoFA4gIfdhbNw
yelp-53,"Very dirty when I checked in... food all over the couch, couch had several rips in it, etc. No surprise since the staff has not cleaned the suite since I arrived. The front desk also charges partial bills to guests' credit cards on file at seemingly random and unexplained intervals. Not a big deal but it is odd behavior. No room upgrade for Marriott Bonvoy Gold Elite members. Like other reviewers with similar issues, I can't recommend this property.",en,1,guide-|facilities-|food-,yelp,dNKfk53tTRRYW8c8jZWWlQ
yelp-54,"My big gripe with Wawa is that they do not publish their prices, even on their website. I think people would appreciate knowing the prices of food they sell.",en,1,price_value-|food-,yelp,rEQihqQgfngM3nzRl9Qb1w
yelp-55,The employees were fighting amongst each other. Literally thought they were going mug the lone latina server. Unbelievable. This place obviously lacks good management. Oh and can't remember if food was good with all this drama. We got out of there fast. Never going back!,en,1,guide-|food-,yelp,iSRTaT9WngzB8JJ2YKJUig
yelp-56,"They are always out of the kolaches I want. I call ahead every time I go to make sure they'll be there and then they aren't there. These Kolaches aren't even nearly as good as any of the original Texas branches. If you're from Texas do not come here, they will be perpetually out of sausage and cheese kolaches every time and if they aren't they'll be subpar. Never even roll to sausage ratio.",en,1,,yelp,Grh6dm_k-4kNvkxU8r7RMA
yelp-57,Hate this airline. Very rude and difficult. Questioned my grandmother regarding why she needed a service animal. She nearly missed her flight. They need to be more sensitive to people with disabilities!,en,1,,yelp,CSEpzvkml2ige4G5aoa03w
yelp-58,"Worst rental car experience ever, possibly the worst interaction I have ever had with a business. Waited 1 hour in the line only to be told they did not have the class of car they reserved me, but could rent me something else for much, much more $$. Took another 45 minutes arguing with the attendant (Vijay) that I did not want to pay more than the original reservation, did not want to buy all his ""extras"". In the end, I lost 2 hours, and was pretty frustrated. I wish I had looked at all the bad reviews before I made the reservation. BEWARE BEWARE BEWARE!!!!!!!! Rent from someone with a better reputation!!!",en,1,communication-,yelp,-J0RIXNexJDV-mOAyhUJIQ
yelp-59,"Worst casino in Reno/ Sparks. Dirty. Ugly. Slow front desk checking people in. No room service- phone rang for 45 minutes without a answer. I actually called bAck 4 times, went down to the front desk, and went down to the restaurant. I will never stay here again and would never advise anyone stay here. The bedrooms were scorching and couldn't cool off. This is not much better than a motel 6 on the ghetto",en,1,communication-|facilities-,yelp,ve_-rPlEGPClytyJtY55Vw
yelp-60,Female manager with blonde hair is incredibly rude to people in customer service. Would not recommend based on how she treats people who provide her service in the community. Completely disrespectful and rude. Would not recommend.,en,1,,yelp,dTnDPYzYeOLgObQugBwO1A
yelp-61,"Terrible customer service! One employee covering both Budget and Avis counter and the lines was 8 deep. Not what you want to experience after a long flight. I guess that's why they were the cheapest, no workers, lesson learned to pay more for quality service.",en,1,price_value-,yelp,736SclrDeKmYr7f_IL4viw
yelp-62,"This place is hipster trash. This place tries too hard to be ""cool""and instead just comes off as another pretentious mediocre coffee house. Not to mention they just close whenever they feel like it. They supposedly are open till 12am. What a joke that is",en,1,,yelp,55Q1klIhnn7tcJ6inLtwiw
yelp-63,"Been here many times and enjoyed it but I can't in good conscious give a positive review after today. I ordered a sandwich and was horrified to find the barista preparing food (and everyone else's drinks) with a blood-soaked bandaid on his finger. There were even hints of blood around the bandaid. I never saw him use gloves, and the bandaid was sorely in need of replacing too. He didn't even put a glove over it after I heard another customer comment about how awful his finger looked. Not ok, Rue de la Course. Please train your employees in basic hygiene and food prep standards cause I'd hate to boycott y'all for too long.",en,1,food-,yelp,FSvFk1lWR0YBYP_-L_iLTQ
yelp-64,"Lousy service so they get a lousy review. Sat down at an outside table for drinks and snacks. Just one server for the whole porch and garden, so she was overworked. However after 15 minutes of being ignored she seated some friends of hers right next to us and took their drink order immediately, then walked right by us without a word. We got up and left. The service sucked so we won't be back.",en,1,guide-|food-,yelp,rrNF0siUBVQOOgsFVfGpKA
yelp-65,"I will have to agree with the rest. I was spending $60.00 a week, for early morning meetings. I purchased four $10.00 gift cards, one did not get activated. When I brought the card, my receipt and credit card statement( with weekly charges on it)back, they simply refused to make the $10.00 gift card right. Lost $240.00 a month over $10.00.",en,1,,yelp,DaVWa71vav0Mv1cg2H-gfw
yelp-66,"Come on! A omelette with vegetables and cheese..... no grits or potatoes, and a biscuit for 11.25? Rip off! Way too expensive.",en,1,price_value-,yelp,TdyHRkxn334JxtUSdGpIiw
yelp-67,"I'm an angry mom! I went into epic the other day with my daughter. But we left immediately because my daughter was afraid of Alexis. S, I found out your employee Is harassing my daughter Via Facebook. That is pathetic. Why would you hire a person like that? To hell with that.",en,1,,yelp,BN3LFoIi1AFQ4IZhvrMXsw
yelp-68,"The owners of this place are awful. In summer of 2020 they fired employees for participating in protests, posting about Black Lives Matter on their personal social medias, etc. Do not give these people your money.",en,1,guide-,yelp,2i2-1UZ5wYRBd0zfkww9xA
yelp-69,Rude rude rude. Convenient location but the woman who answered the phone was rude AF and obviously really really dumb. You won't take more money to have one more dog than the 2 max? I'd pay double to have my third dog there but obviously makin money is not the goal here..... move on to your next choice,en,1,access_transport-,yelp,eQj-rnqq2YrjOHs_T810aA
yelp-70,Run by very rude Asian lady who does not speak English and only point fingers. You can not touch anything in this store. Plus it's expensive.,en,1,price_value-,yelp,CVrU9WrUHs2SShb6RRMwVA
yelp-71,"Wish I could give zero stars. 3x the Fare because it's raining? Are you kidding? Have enjoyed this service in the past but this ""surge pricing"" has left a really bad taste in my mouth.",en,1,,yelp,6IG4SysBKyRnFW_e22q13A
yelp-72,"Ordered pick up, showed up 20 mins after placing my order and it wasn't ready. So I waited an additional 40 mins and food still wasn't ready, asked for a full refund. Poor customer service",en,1,food-,yelp,-pyobEWdpZ6jUp42f3I2xw
yelp-73,"Listing my friends tab as ""Fat Fuck"" was not necessary and shows a deep level of disrespect for customers. The owner did post a public apology to facebook, which we are grateful for, but it doesn't change the facts of what happened.",en,1,guide-,yelp,9i-MwyMBEmbm0UlB6UFCCw
yelp-74,"Actually, I disappointed, because chicken are really small and not good. Also, coffee flort was not good...!.",en,1,,yelp,-7CqBmK0zxwyjEqa3LBVSw
yelp-75,"Have them another chance. Still horrible. Buns are always stale at this location. As stated in my last review, they do not care about customer service. I live close by but when I want McDonald's I go to 22nd and Kolb. Much better food.",en,1,access_transport-|food-,yelp,WI4V-quGkyEdrG2__hIr3A
yelp-76,Awful. I have flown into PHL about 20-25 times in my life. This is the 6th time that we land and have to wait for them to move equipment or find someone to drive the jet bridge. Do these idiots think this is rocket science? They literally know the second each plan is going to land and yet they can't figure out how to move shit prior.,en,1,access_transport-,yelp,-QI8Qi8XWH3D8y8ethnajA
yelp-77,"I'm not sure what all the hype is about. I ordered fish tacos and they were so dry I could barely swallow. My boyfriend ordered the Baja fish tacos and they were a little better, but not much. The jalapeño corn fritters were okay, but what fried food with dipping sauce isn't? Base off this meal alone I would not return. We did not order drinks, I am assuming that must be the big draw. The person sitting next to me ordered the fajitas and they literally almost made me laugh. The chicken looked flavorless and rubbery. I wouldn't have been able to even try it if that was what I had ordered , looked like a microwave meal.",en,1,food-,yelp,-6JdVK-DHB4_43PEksbg1A
yelp-78,I strongly felt like I was a bother to them. Both times all I ordered was a latte. Gosh I wonder how bad things would have escalated if I bothered them for anything more than a latte. The latte was perfect but it's not worth the hassle. I work in customer service and would be terminated in a heartbeat if I treated anyone like I was treated. (Both visits) Disappointed.,en,1,price_value-,yelp,oHMUB2xSWRY_7fXXKRZ-_A
yelp-79,Bought tickets to an event They over sale wasn't able to attend No parking waist of my money they don't care or refund that's how they make their money Avoid,en,1,access_transport-,yelp,wz8ZPfySQczcPgSyd33-HQ
yelp-80,All the young kids inside are racist unless you're white. And don't even think about coming in without a mask doesn't matter if the mandate drop and you're vaccinated they're throw your change at you and be rude no matter what.,en,1,,yelp,caGpaptBP4BKJkpH5W6cvA
yelp-81,"This DD has the slowest and worst service of any that I have been to. It is not uncommon for the line to be 30-40 people long and I've waited in line for over 20 minutes for a black coffee. The workers are rude- when you finally get to the register, they are busy texting on their phone and make you wait even longer to order. If you haven't missed your flight already by the time you finally get to place your order, it will take 2-3 times for them to understand what you want. Large black coffee please. Who? What, large black coffee.",en,1,,yelp,eO5MbK-ujRQMwLWqbAMqrQ
yelp-82,So disappointed!! Awful fish to rice ratio. Also the rolls were super messy. Half of the small amoint of fish was on the bottom of the roll. Unfortunately won't be ordering from here again. There are much better sushi options in the city.,en,1,,yelp,_xp9OJa-ObEMFrsLvjNWAg
yelp-83,"Good afternoon, I occupied room 415 of Hayes Street Hotel 12/08-12/09/21. While checking out, the desk clerk name Hannah was rude, disrespectful, and refused to give me a receipt. All paying customers should receive a receipt. In addition, it's very unprofessional for customer service agents to not respond to customers questions or concerns. Instead, Hannah stated she been in customer service for 10 years and she could care less what I think. Very shameful customer service, and it is very unlikely I would stay here again or recommend. Respectfully, Malinda",en,1,,yelp,qL96_6Wyss3y2bRfYCzKxg
yelp-84,"Don't waste your money on coming here. Only one restaurant is open for dinner. If I just wanted a place to sleep I would have stayed elsewhere. Absolutely ridiculous that they are not upfront about what is open and closed until you are already checked in. You have to scan a QR code to see what is open and even that is a lie, we spent an hour walking to different restaurants that said they were open and they were not! Finally went to the front desk and asked them to write down what was actually open, she told me one! Very unhappy, will not be back, unless we are compensated for this horrible experience.",en,1,food-,yelp,ORL4JE6tz3rJxVqkdKfegA
yelp-85,Do not go here! Awful! This was the worst experience I have had at any establishment in a very long time. My food looked and tasted like slop. There were flies around the Po Boy bread...I wish there was something like negative stars for this place.,en,1,food-,yelp,iSRTaT9WngzB8JJ2YKJUig
yelp-86,Waited over an hour for my car. They could not find it. Spoke to the valet guys. They said the manager Christie. Overbooked and now they had lost car as it took some people two hours plus. Do not park at this place.,en,1,communication-,yelp,BON1JqGZyG2D1m1Uc9AP9g
yelp-87,Grits have no flavor and that was the first thing to earn one star ...we came to the city to celebrate a friend's birthday and one of the girls in our party got her wallet stollen by one of the bus boys. This is the end of my review. What more needs to be said? Police and security cameras had to get involved and everything.,en,1,,yelp,iSRTaT9WngzB8JJ2YKJUig
yelp-88,"This restaurant received a 1 ONLY because 0 is not an option. This restaurant is falsely advertising Nachos Supreme as a Wednesday special at a price of $5 with no exclusions indicated. The menu defines Nachos Supreme as having either ground beef or chicken. The manager on duty/barmaid refused to honor the special, even allowing us to walk out. Not cool. We'll stick with Carmelita's for good food, service and management that this place lacks.",en,1,price_value-|food-,yelp,bMIVLkX6-0U2NVPaVwt94A
yelp-89,"Maybe it has changed since i was there. Very pretentious way to much attitude. Food was eh. Expensive when compared to quality. Close to the river but they really dont take full advantage of the ambience. Just ok, could romantic enough for a date. No booze (something that they really need here).",en,1,price_value-|food-,yelp,isbeaPln-E0DdffLRsuFhw
yelp-90,"This establishment is absolutely and clearly fullfills the stereotype of Asain-Americans not wanting/liking/respecting African-Americans. Everytime I go there the older cashier spits in the trash can before she checks me out and spits when I am finished. I asked my sister in-law was that common/normal (native of Japan). She said it is a sign of hatred/disrespect/dislike/etc. Wow!!!! Take my money and spit?!? Wow?!?!? I am going back Jay's on So. Grand or United Provisions. They respect the customer. Customer first, money second. Happy customers refer more customers, become returning customers and spend more money.",en,1,,yelp,Y8MkrQrmSQ0vVdcqiyrBRg
yelp-91,"This never happened to me before in my life. I walked in, plenty of open tables, it seems kinds busy. Being new to the restaurant I wait to be seated... Nothing. It didn't feel like good service. I'm not going to beg them to feed me. Wake up!!!",en,1,,yelp,0zH0l4Jbf-oove3cLvrFOg
yelp-92,"I ordered a hot chocolate for my wife and I. By definition, hot chocolate is hot and has a good chocolate taste. Unfortunately, it was not hot and the chocolate taste was weak. I guess you should try the coffee. As an aside, the place was packed with hipsters and their computers. I don't see how the coffee shop can make money with this crowd stuffing the tables for hours. Oh well. That's their problem.",en,1,,yelp,eFvzHawVJofxSnD7TgbZtg
yelp-93,"Worst service here! Sadly making me look for my coffee elsewhere. No reason to have such poor, unprofessional and generally unhappy/unhelpful service. Every-time. This is NOT a one time offense otherwise I would let it slide.",en,1,,yelp,YrCCOyNJt3qOi0cbX05Kjg
yelp-94,"This place is a dump! Smells bad, dark, the rooms are dated. My room had patches of unmatched pain to cover wear and tear; dirty shower curtain; tub drain was clogged; stains on comforter and after all of this - housekeeping never came to clean room. The best thing I can say is good location and very nice valet staff. Don't waste your money on this place. Tampa has many other options.",en,1,guide-|facilities-|access_transport-,yelp,OZnYatmpbZwbtaFTJlYVhg
yelp-95,"I took my mom to Davis Island from New York. We decided to go to Fountain Square because it looked like it had a cool fun atmosphere. However it took us 15 to be greeted, and then we got our drinks, ordered and after an hour left because we still had not received our appetizer. Horrible service horrible everything. I was embarrassed that I brought my mom here bragging how lovely Davis Island was.",en,1,,yelp,Cw7GlRFB3U76xlgIYrlLvg
yelp-96,"You seem to have made a big deal about being open tonight, which is very strange because you're not open tonight. The telephone number that you have on here leads to an answering machine for Whore Research. C'mon Mac-n-cheese, get your shit together!!",en,1,,yelp,5lGOPqwxBNR9hfA9mFr2vA
yelp-97,"Great selection of spices but I'm glad I only bought oregano. I asked if it was from Greece and they told me yes. Maybe from Greece 2 years ago. When I smash it with my fingers I can't even smell oregano. Not fresh, not happy. I went on a tour and they took us here. Very disappointed. Ruined my soup!!!",en,1,,yelp,LX9FOwFOyXZaKnDCwIYpkg
yelp-98,"The workers throw the food in the bag, didn't put ranch, and napkins in the bag. Rude service !!!!",en,1,food-,yelp,lA5BOb5Om5cn_dfwiOgbNg
yelp-99,"not so great. room was small and misrepresented. did not have courtyard access. had to take another downgraded room with shared balcony and were denied any form of compensation. felt cheated. also, pool and spa is yucky.",en,1,,yelp,rbT-MIIvpSQYmnADue9xKA
yelp-100,"This place denied my group of four patrons which tried to enter the casino. The security at the casino was rude and unprofessional, merely backing the initial reaction of the security guard at the casino floor. This is clearly a second-rate casino and cannot compare to the casinos of Las Vegas or the Bahamas. The worst I've ever seen. Avoid if possible.",en,1,,yelp,n6c9PiJIpe1Vjuv3o-JRxw
yelp-101,"First visit since the move. I had the burger, disappointing. Friends ordered breakfast items and seem ok. Just not the same attention to detail with regard to the quality of the food and prep. Unfortunately not a lot of choices at 10pm in St. Louis to eat.",en,2,food-,yelp,kpl3H_sgfTm-tH3Aa-ML7g
yelp-102,"Upon check in, the front desk lady was nice and courteous. We checked in the hotel past 9:30pm.Our room had 2 roaches, the bathroom smelled like urine like it was a public restroom and one of the towels was dirty. Notified the front desk at 630am and filed a complaint. Upon check out, complaint was not handled the way I had expected. I guess the front desk clerk didn't know how to handle it. Whatever. Complimentary breakfast was good- my kids loved it. Overall experience was ok. It could be better though. Not worth the price for the room.",en,2,price_value-|facilities-|food-,yelp,OdQGgRXzBHJ3SOVGIo6k7Q
yelp-103,"We decided to get sandwiches here because we were still hungry after going to taco truck. My husband and I split the grilled cheese with bacon, and the grilled cheese with truffle oil and arugula. Both sandwiches were very greasy, and the truffle one was very salty as well. The bread was also really hard almost like it was overcooked in the toaster, not grilled. Their prices are high too. Not worth it.",en,2,price_value-,yelp,Y6lSLuYx1e3VhnNhw3w2qA
yelp-104,Smoking dick. No Mac and cheese. Can't hear my order. Can't read order total at window. Smoking dick.,en,2,,yelp,QZJklQcVn5EqDarlAEwkZg
yelp-105,Pros: Solid view Decent wedding location Decent bar selection Parking was not an issue Cons: Bad internet (Which is a must for me) Very slow elevators I asked for a specific drink at the reception for myself and the Groom offering to pay and I could not get it. Old rooms,en,2,access_transport-,yelp,yICkcFt6NJGHqTXs24esKg
yelp-106,"Suuuuuuper overpriced. The kids love it, but they aren't paying $2000 to ride on a tractor and pick vegetables. This place has become a complete moneypit.",en,2,price_value-,yelp,Zdw5rbtAWguwcT9h_X4xRA
yelp-107,"Stopped by again a few months ago, was disappointed. The front house staff is super undertrained. We didn't stay to eat after we were told that it would be a 40 min wait. They had multiple open tables inside and out while servers were moderately busy/not busy with current tables. We went across to Charro Vida , worth it- we've been back about 5 times since, maybe more. Looking across the way back to Teaspoon, the couple that was behind us was sat within the first 10-15mins. So yes we could have waited. But the point is- not to give your waiting customers inadequate information on wait times.",en,2,guide-|price_value-,yelp,pBl1CSeYKbWMSrqgglIMDw
yelp-108,Meh... I don't get the appeal. Over priced and under spiced. Better crawfish in Houston and the rice dishes I could make better at home. They wouldn't let us change our order so we force fed ourselves the mediocre meals.,en,2,price_value-|food-,yelp,9OCsSHr6OCSyR91BFIbszQ
yelp-109,"I asked for a caramel Frappuccino with EXtra caramel and got a regular one. The pictures show they barely put any in the first place. Everything else I got was fine because I got a puppucino and a birthday cake pop but the actual drink they didn't! they were slow, the line had space for one car and shortly after I pulled in multiple other cars pulled in behind me but they still were taking long. The lady at the window was nice taking my order and giving it to me but other than that it wasn't worth it.",en,2,price_value-,yelp,Thksu3pRk_QKFmKYa23mow
yelp-110,"For ANYONE who knows Southern hospitality and authentic New Orleans/Southern cuisine, this place falls short of the glory. The BBQ ribs ($18.95), supposedly slow cooked, tasted just awful, as if they had been boiled and drowned in sauce, and the candied yams and collards were just as soulless as the rude lady at the takeout counter. As for the pralines (a variety pack), they were just mediocre.",en,2,,yelp,ompDR5sUDpoI6gnTldmneQ
yelp-111,"Not that good, but it takes you from Trenton to Philadelphia. So that is good. They run late, and there is no real screen from the elements for the doors, but it is cheap There are no restrooms here, so you need to prepare! 0 Flushes",en,2,price_value-|facilities-,yelp,cdrMvOVFFBSwYHb3s06U9w
yelp-112,"Mediocre at best. Ordered the spicy chicken sandwich an my husband ordered the Philly cheesesteak. We both had side salads instead of pasta. Salad was good with artichokes added in. The spicy chicken was a huge piece of breaded chicken with toppings inside a pretzel bun. Had very little flavor and was difficult to eat. Cheesesteak sandwich was better but nothing special. Tried to order dessert but were told they were out of both kinds at 1:30 in the afternoon (annoying). The waitress did let us take the beer to go, which earned them the 2 stars.",en,2,,yelp,H1ZTsd_d-wvunsT3ZmoBvg
yelp-113,Went here for lunch... BUSY!!! Shared a table with a family in town looking at colleges for the daughter. Had the Soft Shell Blue Crab Poor Boi - the crab was a little over cooked and dry. Gonna give them another chance... stay tuned.,en,2,food-,yelp,iSRTaT9WngzB8JJ2YKJUig
yelp-114,"Standard inexpensive fare. Not bad. Appears to attract locals. Food pretty good. Found in the Gold Dust Casino. It's been recently ""redecorated"", but it looks pretty old to me. It is clean.",en,2,price_value-|facilities-|food-,yelp,Su8VY1rZQsOn9Wj53kuHdQ
yelp-115,Two of us came down here for breakfast and sat outside. The staff wasn't friendly - very robotic. I ordered the Santa Fe crepe which was okay. It wasn't a memorable experience and I will not return or recommend.,en,2,guide-|food-,yelp,b4YPBSnqU5_L6TUz147Dow
yelp-116,I would not recommend this hotel it's over priced and they bill your room for valet charges without your permission for your hotel guests that come to visit for two days my card was billed $91.10(unauthorized) in room dining food was below average and very over priced. This hotel charges for everything for an upgrade it was $30 per night and nothing changed except the layout of the room. They would charge you for running their water If they could. Hotel hallways nasty and dirty for the price. I would NEVER stay at this location ever in my life. Oh and goodluck on your bates motel elevator ride.,en,2,price_value-|facilities-|access_transport-|food-,yelp,D5V0Fawd6ODVgqCY8xngsw
yelp-117,"I'm a fan of Mcdonalds and know what to expect when I find them on my travels. This place had a very slow drive thru time of about 10 minutes during my time of driving the field. Around 10am and 8pm is when I would stop by about 4 times total and everytime it was the same slow times. Worked at Mcdonalds and was a crew trainer before and know how it works and the average times all watched by corporate. No giant orders in front of me, just lack of urgency when it came tot he process. Food was good and the standard like all other places.",en,2,access_transport-|food-,yelp,R722fDi0r2oamiWjbnRP2Q
yelp-118,Hotel is wonderful great rooms and a nice pool!! But the customer service is horrendous from check in to ordering food it always seems like we are bothering them!! The front desk screwed up our reservation and then we felt like we are such a bother ordering food!! There are so many more options on the strip!! What a shame !,en,2,communication-|food-,yelp,OE3ZfpTIi1HhueAQB_cPAA
yelp-119,The homeless are aggressive in the front parking lot. Pack a gun and don't walk alone. The hallways smell of cigarettes and marijuana. There is trash stacked in the hallway. Would not recommend.,en,2,facilities-|access_transport-,yelp,qb42rPMAB9oj5eaOksnu9w
yelp-120,The hotel is beautiful and the location is perfect. We stayed for hot August nights and we had a excellent view of downtown events. The problem that will prevent me from coming back is there is NO AC. There is a unit in the room that makes noise but it does not work...did I mention hot August nights. We couldn't sleep well because it was so hot in the room. We did have a service man come up but he said there was nothing to do. The front desk suggested opening the window a inch. If the a/c worked I would stay here again in a heart beat.,en,2,access_transport-,yelp,fGUNmpB-Z3Tx51DM93eaBQ
yelp-121,"Mediocre hotel. It gives off the impression of a modern, upscale hotel but it really isn't. The sheets and towels are very rough and the wifi is the horrendous. I've never experienced worse wifi connection, even in a motel, as I have at The Grove. I come to Boise often for work but it's tough to do work when the wifi is spotty. I would not consider staying here again. Pros - great location next to many restaurants and friendly staff.",en,2,guide-|access_transport-,yelp,9HUpW8t-GfzZbEmfX_kWYQ
yelp-122,"I wouldn't really recommend eating here per se-- your money is always undoubtedly spent better elsewhere --however, Cosi is really not a bad spot to meet someone for coffee at (not to say the coffee is good, but it's alright). Plenty of seats and reasonable decor make it half-decent.",en,2,,yelp,NeY1bH6IKJxnn4YAixibsQ
yelp-123,"I came into this store this morning and the man making the coffee was incredibly rude and impatient. I had questions about my drink but he could not be bothered to even hear my question. Yes, the place was busy but I don't see that as an excuse. I come here all the time when it's busy and I've never had service like what I received today. I'm extremely disappointed in the service I received and felt compelled to write a review so management knows about it. Normally La Colombe is a 5-star experience, but today.... not so much.",en,2,,yelp,6wqxuBt2InDipRuUj8BNuQ
yelp-124,I'm so bummed about this place. It use to be one of my favorites but it's just been going down hill recently. Last time I came in they completely changed their menu and all my favorites are gone and they raised their prices on everything else. I'll have to find a new place to go.,en,2,price_value-|food-,yelp,_NYc2bEyvzleMwhhNRr61Q
yelp-125,"Where's the beef? Just sizzle, empty desperate smiles, and many vacancies. places came and went-lots of hype per research, part-time resident Santa Barbara developer who still cannot find this place's niche. Poor location, little parking, it was good as a grocery store. Now it's a quasi-tourist place for overpriced ''gourmet"" american goods and wares. Read: another american hu$tle to carpet bag Santa Barbara and trying to copy-cat other real markets.",en,2,price_value-|access_transport-,yelp,6m4A_ciUZn1G302yx1YV1w
yelp-126,"Do not go. Poor service, argumentative staff. I wouldn't go there with a free gift card.",en,2,guide-,yelp,JjSmcvva7SMj6-iXy1dYBA
yelp-127,"Cold rooms (64F/18C). Bed covers that don't get changed between guests. And no apparent sensitivity to the water shortage/drought in Reno. Staff were friendly. This place is all about taking your money. If management responds otherwise, I'm happy to re rate.",en,2,guide-,yelp,PY9GRfzr4nTZeINf346QOw
yelp-128,"again another mini doughnut place, not into this style of donuts however i tried the other mini doughnut places and this one is by far the best one. just not my thing",en,2,,yelp,IIrLSevZ85oGWw31AaAOBQ
yelp-129,"The service was tepid and disoriented. In fact, the appetizers (cold risotto balls and milky muscles?) were brought out 45 minutes after the entrees were served and to the adjacent table next to us -- mind you there was no one sitting at this table top. It was befuddling and concerning to watch the table next to us with no one sitting there receive our food. This situation encapsulated our experience: close but continuously wrong.",en,2,food-,yelp,sV6up2rehuTegmfo3uYUtA
yelp-130,"Coffee drinks are mediocre. Almost $5 for a small/medium iced latte. I wasn't too impressed. My latte was about 90% milk and 10% coffee. Maybe I should of gotten a beer.....? Service was not too welcoming, upon walking in, it was confusing where to go to order coffee. I love the MilkBoy in Ardmore and it was disappointing that this one did not offer the same atmosphere or service. I was super excited for this and it was a slight bust. But they have plenty of time to up their game. I will try again in a few weeks. Good Luck guys!",en,2,,yelp,V_jy9Aemc3kjznqhbsu_Dg
yelp-131,Meh. Service was bad- server was confused by the menu and everything we said. Crepe was dry and bland with broken hollandaise. French onion soup was over half soggy bread. Just very unimpressive.,en,2,guide-|food-,yelp,SjiRaZoWaDpkCCpq5SsrMw
yelp-132,"The staff was friendly, but the servers and waiter used their bare hands our glass rims and utensils. This was disturbing especially since we are still trying to recover from Covid and is big food safety no-no. We asked for ice water and they gave us a 16 oz plastic cup of ice for us to share. The pancakes and syrup (house made) was horrible. Syrup was like water. Given the reviews, it was a Great Disappointment!!! Dee",en,2,guide-|food-,yelp,6FX09pOrazvGT9s6_nQ7CQ
yelp-133,very disappointing last night. been here many times. I went last night with my wife and another couple early before a concert at radio city. ordered the special dry aged strip steak medium rare. comes out cold. i never send anything back but I would have had we not been with another couple and wanting to be on time for the show. Just choked down what I could. It literally came out cold. disgraceful,en,2,,yelp,4R2KR_-FybS7oegGrXjHVg
yelp-134,"People who work here aren't morning people either. So if you having a bad day/morning. Go get your donut, coffee or latte mix somewhere else. Employees here are grouchy af.",en,2,,yelp,fFj8iQ8eVZui5kcPzPVIJw
yelp-135,"I used to love this place but have slowly seen them move away from the original concept in the wrong direction. They used to be able to heat up food in the market area and eat it in store in addition to the regular menu and now it is take out only. Lunch is great but the dinner menu is lacking and absolutely hate that they moved to full service. We sat outside for over 30 minutes before being able to order our drinks. Used to be quick easy and good, now slow and lacking.",en,2,food-,yelp,XrtJUw6CyipHlFkKrdHbtw
yelp-136,"Slowest, most non-customer service oriented Starbucks I've ever visited. Only 1 person was making drinks and the priority seemed to be the drive through lane. This is the most inefficient process/approach I've ever seen in a Starbucks. I visited this location on multiple days and different times during the day, always to find the same inefficient service. During my afternoon visits, the personnel were definitely not focussed on getting folks served and out the door...unbelievably slow!",en,2,access_transport-,yelp,37QpeBaevTiz0vC2unFT4g
yelp-137,"The rooms were a little old and worn. The bedding was stained. The vents in the bathroom were dusty and the sink drained really slow. On the plus side, they reduced the parking rate for me and let me take wine from the bar to my room.",en,2,facilities-|access_transport-,yelp,tvBz80VKCtWAVbA6VmJufg
yelp-138,"Went to this place a few days ago and ordered a LARGE concrete shake. Got it and it looked like a small if not mini. Their serving sizes are absolutely horrendous, the only options is a mini or large and 4$ for a large was a 6 oz size shake. I will never go back",en,2,,yelp,jn7D3DqIe8F4gHNGtZ9UEQ
yelp-139,"Good masaka, highly overstated veggie burger (if there's no burger, you kind of have to call it a sandwich) lackluster everything else. Think they used week old veggies and over-fried their falafels in used oil. I'd pass on this place. There's too many better options or better chances to take in Philly, especially for Middle Eastern food. I might feel different if I were a hookah smoker...but hookahs are bad for you.",en,2,food-,yelp,VN_ZDpbJ3R6F-xOJ-ndr6Q
yelp-140,"I want to like this place. It's so convenient after going to The Bar Method. I've been here for at least six weekends in a row and gotten coffee, pastries and smoothies. This morning we got our pastries right away. Then 20 mins later, after prodding them twice, my mocha was ready, but ""I'm just the barista"" told me someone else would have to make my smoothie. After 30 mins, our 2-drink order was finally filled. The pastries are decent, not great. The drinks are inconsistent (coffee sometimes cold, smoothies taste different every time). The service is bad. Really bad. They're nice people...but not organized and it makes for a frustrating experience.",en,2,,yelp,_NYc2bEyvzleMwhhNRr61Q
yelp-141,"We had brunch and despite it being overly priced, it was not very tasty. Mine was cold, They are charging a lot for the experience $15 for iced teas and $10.00 for three spoons of potato salad! There are other five star places in SB that offer far better value for champagne brunches.",en,2,price_value-,yelp,035gK3ASKDns-ojUSnV4IA
yelp-142,"This place is cute and may be a nice place to meet up with friends or get a meal, but if you're looking for a boutique coffee experience look elsewhere. We came here expecting a specialty coffee experience, but they just had batch brewed coffee. It was fine, but not just not what we were hoping for. They do offer espresso and pour over, but the staff was not confident in their knowledge of coffee (self-proclaimed) and so I did not order either of those. I did, however, find Tinker Coffee Roasters down the street and they made me a delicious, carefully crafted, complex pour over.",en,2,guide-|food-,yelp,9XWyNzOJtfVNZlNFk-kPXA
yelp-143,"This WaWa usually stresses me out, the space is so small, and usually filled with college students who are always in the way or rude Penn/Drexel employees. You can tell good customer service isn't a priority (or at a majority of the wawa locations in Philly). I only go into this location out of convenience.",en,2,access_transport-,yelp,ppFCk9aQkM338Rgwpl2F5A
yelp-144,"What.... horrible bubble tea. Bobbas were super soft, meaning it was cooked for too long, and there's no flavor. They only have one size, which isn't ideal for me and they were around $6. The place itself reminded me of where you would go to chill after an exam or just to meet up friends and chill. They do have frozen yogurt which I haven't tried yet, but don't get their bubble tea.",en,2,,yelp,9LZWyTM6KCr6JvfWEgGeQw
yelp-145,"I got bubble tea here and was disappointed by it for multiple reasons. It was weird to me that half the drink was filled with ice and that made it harder to get the bubbles, which were hard. The taro flavor itself was okay, but the drink was overflowing the cup and there must have been a hole somewhere because for some reason while drinking it I kept spilling the drink. I'm not usually picky about bubble tea but I didn't love the experience. If I come back it will be to try other things on their menu.",en,2,food-,yelp,U2y7fsqDgxAXskoJNVxbwg
yelp-146,"I wanted to like the wine I purchased there, but unfortunately the three bottles I have taste like grape juice that should be in a kid's lunch box.",en,2,food-,yelp,U_gjhQ9phwKEqLurPlehuQ
yelp-147,"Spacious and comfortable rooms with HUGE flat screen TVs and a comfortable king-size bed. The location is very convenient and the in-house Winthorpe an Valentine is very solid. Check-in is very fast and smooth, and the staff are friendly and helpful. A solid Westin.",en,2,guide-|access_transport-,yelp,VJpuuNZ8QXR2zTHIhB0yhw
yelp-148,"Sorry to say, but this place is over-rated in my opinion! Not a place to go out of your way to find and definitely nothing worth going back for. Not the beer, not the food, not the service, and not the atmosphere.",en,2,price_value-|food-,yelp,F4gvookXrKsBNCvK_xEt1g
yelp-149,This place just plain out sucks. 1.) My living room is bigger than the casino floor. 2.) They have about 5 slot machines. 3.) They have about 2 tables. 4.) They wanna act all fancy but Grand Sierra is kicking your butt in every way. It's a nice casino...I'll give it that. It's just so boring. Only thing good about this place is the location. You walk to this place and maybe play for 5/6 minutes and leave the hell out. I have never stayed in the hotel but have been offered free nights plenty of times. I would probably stay here but just not play here. Why siena even exist.....no god damn idea.......,en,2,access_transport-,yelp,Tq0Tm_-qrCVSI9j2mxvCzA
yelp-150,"As Starbucks go, this one is on the lame side. Why? There is always a line, and it seems to move at a glacial pace. I guess when you are the center of attention in a super regional mall, and the line is always there, why bother moving at any speed other than 'this is what I feel like' doing. Its not like those customers will go elsewhere, right? Oh, wait. Yes they will. Note: I do like the seating area. Lively, comfy and well located for people watching... if only the service could improve.",en,2,facilities-,yelp,A_GAAY2LoP3RS1TIwHzuxA
yelp-151,On select registry which should mean it would be a beautiful well kept B&B This is not the case! Smelled like mold and bleach . Very dated and old. Inn keepers are nice but it doesn't make up for the poor accommodations . Would not recommend .,en,2,,yelp,-o_Q69fXSKeOgXPqVbcoUw
yelp-152,"The food here is great. The selection and service is fine, not outstanding. But the real issue is the acoustics and the fact that children seem to run roughshod in an establishment called ""Twenty Tap."" This is not Chucky Cheese. I do not want to be in an establishment overrun with children, especially when I'm sitting in the 21 and over area. The main issue seems to be the acoustics in this restaurant, but it's not helped by the fact that children (including children's birthday parties) seem to be present every time I go here.",en,2,communication-|food-,yelp,aREOVt958pzJsuNmX1-LUQ
yelp-153,"Hotel is under renovations and loud. Had to move rooms. Beds are not comfortable and 4 of the 6 elevators went down and the staff response was ""how do you think it effects us?"" Location is good, looks nice from the outside. It's ok on the inside but not worth the price.",en,2,guide-|price_value-|access_transport-,yelp,8BLTQlfijNA2LSFEz-d3hg
yelp-154,"This hop on hop off tour was fine except for one thing, the buses didn't come around often enough. While we waited at the initial stop to get on, we saw 3 of the Old Time Trolley buses come and go. We waited about 20-25 mins. We saw the other company's buses a lot, but ours not so much. We didn't want to get off for fear of not being able to get back on in a timely manner. Do yourself a favor and go with the other company!",en,2,,yelp,e-Ve1GkV0esUdUP4B6uPWA
yelp-155,"New owners in the last year, no more free breakfast, the new menu makes sure your 5 dollar deal for breakfast, is totally covered. No more free glass of wine with dinner either. The menu has been modified heavily , and the food is not nearly as good. After 20 plus years of staying here several times a year, we will be moving to a new favorite place.",en,2,guide-|food-,yelp,4WIsdEah3rDcJwlWbx9P0A
yelp-156,This airport is pretty drab with not much going on. Only saving grace is the place that serves hot fresh beignets. No real lounges here at far as I know.,en,2,,yelp,Eb1XmmLWyt_way5NNZ7-Pw
yelp-157,"Way overpriced. Not good food... after 300 dollars, I could've eaten at any restaurant in Reno and had a nice meal. Every dish was cold, with no flavor.... I don't get it. Had the escargot (didn't hit the mark-- no flavor), crab cakes (gummy), burger (way better burger anywhere in Reno), short ribs (terrible). What's going on here...",en,2,price_value-|food-,yelp,a3N9erjaLER_cH9rhsADEA
yelp-158,"Pointless to go unless you just want coffee. Whoever does their ordering needs to be moved to a different position. I've gone there dozens of times trying to eat and the racks are bare except a few random donuts. When I asked about it the employees respond ""you have to get here first thing if you want food, we run out every morning pretty early"". One commented how much of a pain it is to ""Deal with people asking for bagels all day when I've told them many times they need to get here early"". ""I tell the same people every single day and they don't learn"". I have a pretty far out solution.....Make more bagels?",en,2,food-,yelp,5n8bFTaTWsZwb2rgOQsDEg
yelp-159,"Usually I love this airport, can't say I agree with the strange policy of removing ""all readable"" materials from my bag by a security officer that looked like a neo nazi. Dark times.",en,2,,yelp,QTbahs-GVuWYL5yfdjH34A
yelp-160,"Altough our tour boat captain was a good fellow, it is pretty reprehensible they dont inform you that there arent alligators to be seen in January. Tickets are still sold as though you are going to be amazed. Pretty much a let down to hold a baby gator with its mouth taped at the end of the ride. Additionally a connection could be made between our visit to this tour and within 5 hours, our credit card was cloned and used at a nearby walmart store as the start of a 5 day credit card spree. Oh yeah, lots of fun. Thanks",en,2,,yelp,I6XG5CoPAoE2l0fQnAlJhQ
yelp-161,"The food is pretty good - standard deli fare. My issue is with its cleanliness and overtly rude manager. She had an ugly attitude and made it a point to complain about the neighboring festival as we ate. Instead of removing outdoor chairs (so people visiting the neighboring festival), she should consider picking up a mop and cleaning the nasty place.",en,2,facilities-|food-,yelp,O1yOaZXGvAVb7d2YXL5L-A
yelp-162,"Here on a free 2 night stay deal. We've used many times in the past. Use to be our favorite spot in gamble, but tonight I sat down at the bar, put in my cash, and was informed new house policy is 1.25 a hand to get a comped drink, which would be fine for poker or blackjack, but I wanted to play keno. He said same rate. I'm guessing I play well over 500 hands an hour.... So yeah, lol. Anyway feel bad because they comped my rooms, but it's cheaper to just take a cab to the peppermill and back while I drop a few hundred and drink all night instead of 30 minutes.",en,2,price_value-,yelp,wz8ZPfySQczcPgSyd33-HQ
yelp-163,"This website should be quite easy but it's a mess. All it wants first is my location. I give that and then it takes me to events at nearby Barnes and Noble store. There is no place, at least in the iPhone to search for a book. One simple thing I expect to do at a bookstore web site. Some people still want to read books so heads up. I didn't need the complaints about your cafe in the store. Just where are the books. Some businesses no matter how much going for them, are destined to die. Sad to lose the last book store.",en,2,access_transport-,yelp,DTwt8_pCuGyQbiIfXNdhDw
yelp-164,"Worse experience for a nice hotel ever. I'll not stay here again and will not recommend to others. Rooms are nice but couldn't get tickets to water park, all pools were closed even though it was a holiday weekend, and we couldn't get in to anyplace to eat even though we called ahead and asked. Horrible customer service.",en,2,communication-,yelp,ORL4JE6tz3rJxVqkdKfegA
yelp-165,"Great food, terrible service. Waitress didn't stop by once to check in, refill water or coffee. Then we had to track her down to get our check after waiting 20 mins...Probably won't be coming back here ever again.",en,2,food-,yelp,tWFRO1kaw3wghhzFb6D-hA
yelp-166,"From a Titanium Elite Bonvoy member. This property does not hit the mark. Ran out of hot water, nobody answering at the front desk. Let it ring 15 times twice. Low water pressure on 10th floor. Not sure the staff here understands the level of care required by Titanium level guests. Stay here if there are no other properties available. Surrounding neighborhood a bit sketchy. Gave an extra star because the restaurant food is excellent. Food at the Concierge level club was average, but the service at the club was great!",en,2,guide-|food-,yelp,hXENwSCtd8pdBrnN8XkXyA
yelp-167,"Hotel was an OK place to sleep, but only sleep. It is trying to re-brand and re-outfit as a newer hotel. Don't be fooled, this is an overpriced motel. Wi-Fi never worked and was way too expensive for very few outlets, bad lighting, and small bathroom. I paid 109 for something that felt like a 60 dollar motel. Not worth it.",en,2,price_value-|facilities-,yelp,FMDe0D6IYvOI7d-Bi9Tvvg
yelp-168,"We stayed at this park for 4 days. We enjoyed touring around the area viewing all the beautiful beaches. The park itself had nothing to offer. We paid for a premium site that had no cable, no WiFi and we couldn't even get antenna tv. It was awful. For four days we watched scrambled tv channels. For what we paid for this place it was a big ripoff. This park had no other redeeming qualities and most of the residents were unfriendly. We would never go back again and will not recommend this place to anyone else.",en,2,,yelp,ud7Ik-rnDl5ujJHIlILLyg
yelp-169,"Expensive coffee, not that great. But what can I say its starbucks, that's what you expect. Save your money go to McDonald's, coffee is just as good (if not better) and lower priced. Try the hazelnut ice coffee at McD's its amazing.",en,2,price_value-,yelp,_T8tOBDr3NKNxd0yl5GwjA
yelp-170,"I really want to like this place, but I think I should just stick to my good memories of this diner. There was a time when the prices and flavours were excellent/well-balanced -- my recent visits were disappointing. My food was oversalted/over-seasoned. The salmon I ordered was rubbery/burnt. The noodle boxes that I ordered for take-out could have easily passed as Oodle Noodle's -- I've always spent that extra toonie and ordered from F & N because Oodle Noodle always put too much sauce. It is quite sad to taste the lack of passion since it's gained popularity. Either that or their staff turnover may have to do with the quality of their food.",en,2,guide-|price_value-|food-,yelp,SoFMoWEQatAfLLktojPJSg
yelp-171,"Unfortunately seems to have gone downhill once ownership changed. :( Former employees were very friendly and knew our names after just a couple visits. Current employees always seem frantic and stressed out even if there are only 1 or 2 customers. Cappuccinos and lattes are now incredibly watery, and directions aren't followed on online orders. They have also changed their cookies (presumably to those used at Au Bon Pain?), and they're not nearly as good. Hopefully things improve with a little time, but right now the change is incredibly disappointing.",en,2,guide-|access_transport-,yelp,yLjQA1TnnX0nGdsHJRwTdg
yelp-172,"Underwhelming rooms. The smell of cigarettes is everywhere. The Circus Circus Reno offers a wide variety of activities within the hotel including restaurants and shows but where it counts, this hotel comes up short time and time again. The rooms are stuffy, small, and feel very worn. The cigarette smell we expect in the casino somehow manifests itself in every part of the building which is very unfortunate. The Circus Circus currently seems like it's in the lower tier of Reno hotels, but with its location and accessibility to nearly everything it wouldn't take much to climb higher.",en,2,access_transport-,yelp,rSYyGcZZziJLsqKl5hMcDw
yelp-173,"The food has never been horrible here, but man the drive through is one of the slowest I have ever experienced. It seems to just be a lack of staffing because every time I drive by late night, the line is always long and barely moving. I have just stopped trying it at this point because it is not worth the wait.",en,2,guide-|price_value-|access_transport-|food-,yelp,2gTnSpYBmg_5JubGpCtSQQ
yelp-174,"This tourist trap is in need of a major renovation. They have a free ""theater"" with a distorted documentary that is from the 1950's on a vcr? Does anybody remember vcr's? The museum is dark and dusty and hasn't been updated in well over a decade. Rude sales people that hover over you. There are so many other nice places to shop at for sponges and soaps. Mosey on down the road and you will find establishments that actually take pride in their business.",en,2,access_transport-,yelp,i-n7LKMjQsH94wfW8FNMBg
yelp-175,"Omar's hi-way chef restaurant is located inside of a truck stop off the freeway. And it shows. The food is standard breakfast joint fare on the lower end of the spectrum. I had a strawberry belgian waffle and it was okay but they put on too much whipped cream. Luckily, I didn't leave here with food poisoning like other reviewers had.",en,2,food-,yelp,RHj1RITdSwuXTc-lfJPO-w
yelp-176,"what happened here? omelet was small and rubbery??? Coffee was still decent to above average,, seating is small and cramped as usual,,, Ill pass next time",en,2,facilities-,yelp,nFdDkQNfy3bOLrs1Wdn7ow
yelp-177,"Stayed for 4 days this past weekend. Pros: Clean, lobby and conference spaces recently updated. Great location: two blocks from the French Quarter, St. Charles streetcar across the street. Luke restaurant across the street. Cons: Dated rooms (except shower), dated hallways, broken ""free"" WiFi (despite two calls to the hotel IT desk; they never returned calls despite promising), satellite TV that kept losing its signal (this was a concern as the world events this weekend were traumatic), one of us got stuck in an elevator, one of the 4 elevator's door had to be manually opened each time it arrived on the floor, no refreshing of toiletries. Much better choices out there.",en,2,facilities-|access_transport-,yelp,-_DYwksHcLSXEYo_pVVENA
yelp-178,"This place came highly recommended and I thought it would be a perfect choice for my daughter's first holy communion cake. I picked up the cake the morning of. The cake decorations looked stunning and the butter cream frosting was delicious. However, despite following their suggestions, the cake was extremely hard to cut through as if it were completely stale. I was mortified when the children were making comments about how hard it was to cut through their cake slices, truly struggling. I called the bakery to inform them of my dissapointment and was told the owner would call me back the very next day. I never received a call and will not be returning here.",en,2,guide-|communication-,yelp,GUzVgl-dYDyvCULv2CrZEA
yelp-179,I dunno if the servers have vegan brain fog or what but the service sucked so Bad I haven't been back. We sat there forever and they brought every thing out one by one. Horrible table service. I thought we were going to starve waiting. Their selection is missing my favorite items. The mushroom drum sticks. The California living hut had a way better selection of options. Including vegan desserts.,en,2,guide-,yelp,u7KZF5EegKTUt9xtr0yMYQ
yelp-180,"When we first tried Bagelicious and More back in the Spring of 2013 this was our ""go to"" place for fresh coffee and bagels -- I would have given it four stars at that time -- the bagels were delicious but the staff always got our order wrong. (Wrong bagel would have the wrong cream cheese). Not really that big of a deal breaker, however last week we were craving bagels and stopped by to get an order for take out. Ordered two everything bagels with egg whites. When we got home took one bite and realized that the egg whites were spoiled. Gross! Maybe this was a one time occurrence, but I cannot force myself to try it again.",en,2,guide-,yelp,zupI44qitH6T8Bo9OjA6Yw
yelp-181,Nice clean rooms good breakfast nice employees but it's a stones throw from the highway and a major off-ramp so it's an all night truck air brakes and noice.,en,2,facilities-|food-,yelp,u9eFqrAYZUAFhnaN5TpT1g
yelp-182,"Personally, I think its overrated. Once went once but had a poor waiter, I would try again but would not wait more than 10 minutes to be seated.",en,2,,yelp,S2cKcdtOIDFyUfXYNPJUIw
yelp-183,"Food was good, some of the best in the Quarter but the service makes it not worth the visit. If I wanted elitist snobs I would have stayed in Los Angeles.",en,2,price_value-|food-,yelp,dRhg8Pwh5-8bYqtt8Zuuzw
yelp-184,I don't know what's happening at this business but the last 3 trips I've had to wait over 20 min to be picked up at the airport. After 9pm service sucks. Either hire more drivers or get more vans but when a customer arrives at 11:45 at night all they want to do is get to their car to get home NOT stand around for 25 min. Will try another service.,en,2,access_transport-,yelp,tmOAC2OaGNGwxl_ot05Mlg
yelp-185,"Normally a great airport. During Covid smooth lines, social distancing, no temperature check. Most restaurants closed. Long line for coffee. Only option for dinner was club sandwich at Gasparilla bar open. It was ok. The terrible part gets to AA stating the middle seat was blocked, yet sold the entire flight out. No temperature check on plane, stating masks required, no beverage or food service. Flight attendants did nothing all trip. Very sad everyone is trying to practice social distancing and safety....but the airlines get a pass, and safety is not important as their cash position.",en,2,food-,yelp,c_4c5rJECZSfNgFj7frwHQ
yelp-186,"New place, limited options when I was there. Coffee was okay, nothing memorable. Refrigerator cases were bare with only a bowl of apples and some yogurts, some bottled water. Not sure I would go out of my way to go here. Inside is cute and comfortable and they have a meeting space in the back that a realtor was using when I was there. This place has potential, just needs more choices.",en,2,,yelp,pICJRcyqW1cF96Q3XhLSbw
yelp-187,"THIS particular MCDONALDS 10 Piece Chicken Nugget meal is over $7 ... why? You go anywhere else in the city and none of the other McDonalds restaurants are charging this much for the 10 piece nugget meals. Why is this meal soo much more at this location ? Nuggets, Medium Fry, and Medium Coke. Over $7. almost $8 if you round up... I wonder how many other meals at this location are priced up?",en,2,price_value-|access_transport-|food-,yelp,j76unyU-BZnZQjOMRb2ldw
yelp-188,"We had the worst check in experience ever. Beyond rude. We travel to Santa Barbara once a month and our favorite inn was booked. Chad was flat out rude and has never heard the word customer service. He refused to check our reservation by phone (we didn't have our confirmation in hand when we called) and although the room was pre-paid he insisted it was not was not about to put himself out to find out the problem. When he did find the information he did not apologize. Awful first impression. The room was clean, but dated, the view was great, the grounds were nice, but we will not stay here again.",en,2,communication-|facilities-,yelp,fXIsVDI9SEdJO9901CGfyw
yelp-189,"Great rooms, however the water sucked bearly anything came out of the hose, hot water took forever, but that's not even the big deal the issue was our neighbor next door was super loud!. You can hear her whole conversation through the walls didn't let anyone sleep she was up till 3am till however long she kept the conversation going we left the room and went back home, the guy who was working night shift attempted to open our door! So you can imagine how scary that is!. I didnt feel safe after that..",en,2,,yelp,1PoZ8XdISWJpvcEnlNyfgg
yelp-190,"Had dinner here on a Saturday night with my husband and parents. Restaurant decor is very nice in an historic setting, but that's about all I can say that is positive. Service was terrible -- waited for an hour for the main course to arrive. Water glasses ran dry continuously and not a server to be found. Menu is extremely overpriced for the food quality.",en,2,guide-|price_value-|food-,yelp,VlNzvXuW-5cZkYBfT9IGHQ
yelp-191,Really awful customer service. The gate to the underground parking garage malfunctioned and the car in front of us couldn't exit. It took over 15 minutes for an attendant to finally come out and assist. After letting the car in front of us out she had the nerve to close the gate and told us we owed $1.50. No apology for wasting our time. Step up your hospitality training Hotel Californian. Absolutely ridiculous.,en,2,access_transport-,yelp,sHwHKUBKYe2PPvgyc361yw
yelp-192,I ordered a strawberry and watermelon smoothie. Their watermelon was pretty good but their strawberry juice was not juice at all! It was really milky and had like a hint of strawberry. Not going to go back.,en,2,,yelp,hdVqM-QngiiLRaMOvwXglQ
yelp-193,"I had the pepper steak with cheese whiz. It was underwhelming. It wasn't necessarily bad but it was kind of dry and I had to add ketchup. Also, the line was pretty slow, which didn't matter but you'd figure they could move it a bit faster. There's not a lot of seating upstairs but there are places to stand, which helps. I can't imagine standing in line for this on a hot summer day or night.",en,2,facilities-,yelp,sTPueJEwcRDj7ZJmG7okYA
yelp-194,Nothing really special at all. One of the salsas was hot and I did enjoy the complimentary chips that came with my order but this is just like a Chipotle or a Felipe's.,en,2,,yelp,JjUNJCyGQlCxMwOJ9OLdiA
yelp-195,"I keep on getting fooled by pictures of hotels on the internet. Online, this place looks awesome, in person, there are tiny, tiny rooms and a ghetto alleyway where you park your car and go to your room. Also, the walls are paper thin. My husband (then boyfriend) and I stayed here for Valentine's Day and the couple next door were fighting all morning. We could hear the woman screaming and (what sounded like) throwing things around the room. We could also hear the man pounding on the door and yelling at her. It was actually kind of scary. The cops eventually came, but by then we were already up and couldn't get back to sleep.",en,2,,yelp,UjOq8dBVNv9weHrVDqm3kQ
yelp-196,"The employees were nice but didn't seem to understand what was written on their own menu.. they had no sushi (hello, it's in your name!!). The flavor of the ramen was ok but they use some instant (or instent as their menu reads) ramen like maruchan for a jacked up price. I absolutely love Asian food but was extremely disappointed.. wont be returning.",en,2,price_value-|food-,yelp,6USj3cqHAf2HkjBNomafRA
yelp-197,"Sabor is a decent place with efficient staff,but i get the sense that the food is cooked for ""gringos"" and hasbeen toned down in seasoning and, alas, flavor. Tacos were tasteless, rice was bland, refried was devoid of any texture--- just all highly forgetable. More zest at Taco Bell. Will try again maybe a more regional dish, but if consistent i'd say pass on this place.",en,2,guide-|food-,yelp,lYQKK4KG7z4jMqMBVVfTNg
yelp-198,"Every time I order here the sandwich is not done right. I have ordered the Tri Tip Special which sounds delicious on the menu. Yet again it ended up being delivered with no cartelized onions and no au jus for dipping. And if they were indicating on the menu that the au jus was on the sandwich already - I don't believe it. I will say that the meat was beautifully spiced and cooked and tender, but it was not what the menu said. Also - in our order we had 3 try tip sadwiches ordered none were done right.",en,2,food-,yelp,WTPTuGK40bJc5H0UTMTWuw
yelp-199,"Ehhh, it's just OK. Order Diner food and don't expect more. St. Louis needs a nice diner. The staff need to pay attention as well.",en,2,guide-|food-,yelp,20-EyTyDc2-a30iDAQj64g
yelp-200,"I visited Pei Wei for the first time on a Monday night at 5pm. I was the only customer in the restaurant. There were at least three employees. I ordered my food for takeout at the front door before I saw the condition of the restaurant. When I was there I used the restroom, which had not had any attention all day. Even though the restaurant looked new, it was filthy. There were at least 3 tables that had not been bussed in over a half an hour. The floor needed to be spot swept. The fixtures were dusty. The standards of health and cleanliness seem to be a low priority. My food was good, but the atmosphere was awful.",en,2,facilities-|food-,yelp,xQ2hGUt62iZr5Gc3PrASYg
yelp-201,Only giving 3 stars because of the service. Maybe I didn't order the right thing but I had the vegetable soup which was sweet too sweet for me it almost tasted like it had lotion in it! Then I had a roti which had ground chick peas in it maybe I'll try another dish another time but I didn't care for it,en,3,,yelp,ZuwJdk2g6XGRWV94TE50Cg
yelp-202,"By boat or car, this is a cool place to stop and visit. Slides for the kids and big tables for groups.",en,3,,yelp,HKPoU2uUrHqo3_9pgEb4XQ
yelp-203,"Came here for lunch on the weekend. On weekends it's a limited menu. The service was great. Really liked the Bloody Marys. Food was ok. There was no presentation, just the food on a plate/bowl. I was expecting to be a bit more impressed by the food. I was overcharged a couple of dollars for one of the dishes. I think it was probably a programming error. My fault for not mentioning it to them. I'm sure they would have corrected it. Will give them a try on a weekday when they are serving their full menu.",en,3,,yelp,TuYACtcbbiArXzubj2BIRg
yelp-204,"I had a groupon for this place which is why I went. I tried the cheesteak, jalapeno chocolate and chocolate chip cookies. I didn't really like the cheessteak. A little weird for me. The jalapeno chocolate was good but I was very disappointed in the chocolate chip. The most classic of cookies. It was crumbley an fell apart.",en,3,,yelp,zK-BfS0xMgDRGvb_KJL4Kw
yelp-205,"New hotel so it's clean and very modern. Bed was comfortable and bathroom was spacious but the front desk staff really need to get it together. Check in took 45 minutes, after the girl at the desk added my credit card she gave me the paper to sign and my room key and said nothing else. Normally upon checking in a short explanation is given of breakfast hours, where the ice machine is and what the WiFi passcode is. It again it was clean and the bed was comfortable so I suppose I would stay again. Close to downtown without being in all the mess.",en,3,,yelp,hobpKvxGlstZ4ILqcg2eYQ
yelp-206,"I'm local and I work a few doors down from this place. I really WANT to like them, but every time I walk in the salespeople are SO rude. One good thing--- they are great with the bulk packaged praline sales. Their packaging is cute and all and their product is decent... I just want to feel more welcome when I walk in the door.",en,3,,yelp,0uxg3_noVCE78Wgjb8DSyA
yelp-207,"I have stayed here a few times, nice since it is close to the airport and to where I do business. Free Breakfast and a good rate.",en,3,,yelp,5h-EHY-44kXZGqdTiHpiLg
yelp-208,The cupcakes aren't bad but they look better than they taste I feel. Every cupcake that had something in the batter had completely falling to the bottom of the cupcake. Also the wrappers were not easy to come off. I was so excited to try this place but after getting four different flavor I more than likely will not be picking up anymore. The cashier was really nice so the is a plus.,en,3,,yelp,eHzPkFFmnWJC_YlkjJ4fhQ
yelp-209,They have a ever rotating staff and usually the coffee isn't as good as other Starbucks. There are better places to go in the area. The junction and the coffee place across the street from the movie theatre are better.,en,3,,yelp,88r-82tHoOm52PSt6dXy0g
yelp-210,"It was an okay food experience, the best part was our guide Preston. His passion for NOLA is infectious, and his love for the city is endearing. The portions are small, and at some of the places.... lukewarm to cold (maybe they left it out waiting for us?) Overall, get the tour for Preston and a walking tour through the French Quarter, not for the food.",en,3,,yelp,Qa1YQzo00sm9O0JUlwdCQw
yelp-211,Made reservations at the last minute at great rates to take a tour of UNR and it was closer than staying at the Peppermill where I have enjoyed stays before. I wasn't expecting luxury accommodations so I will say I was pleasantly surprised. I requested and was given adjoining rooms. They were basic and clean. I was not a fan of the flat sheets and found it odd that there was no comforter (not that I would have used it). One of the TVs froze but we were able to resolve it by unplugging everything. I may try somewhere a little more upscale my next visit but I wouldn't avoid Circus Circus for a value alternerative.,en,3,,yelp,rSYyGcZZziJLsqKl5hMcDw
yelp-212,"The Fox Theatre is an absolutely gorgeous piece of history that you must visit while you're in St. Louis, if at all possible! We've gone to several shows here, and have had great experiences each time. The seating is great, no matter which seat you're in you can see the show. The 3 star rating is based on the ridiculous parking situation, the shady neighborhood you have to deal with as you're entering/leaving the show, and the lack of accommodation for the HOH/deaf community.",en,3,,yelp,uiLHEHh1VZ6u8Wx1kXcROg
yelp-213,This place was just... okay. I really could have done without seeing this place. It was kind of cool seeing some of Andrew Jacksons things but it was really boring. Many people we passed though the first main building were just sitting on benches on their phones. The actual mansion wasn't impressive at all. The tour guides were very informative but we were only allowed in the hallways and the rest of the rooms were viewed behind pieces of glass. The only thing here that I was actually interested in was where Andrew and the rest of his family was buried in the yard. It was in a flower garden next to his wife in a monument.,en,3,,yelp,rryEC-u2GnR0Z2_l_bUXtA
yelp-214,"The hummus was AMAZING, so were many of the first course options we tried. I loved sitting at the bar and getting to look into the kitchen and see how everything was made. The ambience of the restaurant is dark and romantic. It was a lovely place to celebrate our anniversary. The only thing that concerned me was that our last course of chicken was completely raw inside. We were embarrassed to send it back and were too full to eat it anyway. Just be careful ordering the chicken, maybe it is supposed to be like that?",en,3,,yelp,ctHjyadbDQAtUFfkcAFEHw
yelp-215,"The bagels are awesome but what's up with the hours? I showed up at 6:55 this morning (Friday) and it was all closed up. I thought they opened at 6:30. Oh well, I'll go somewhere else",en,3,,yelp,Zwyimxd54QZ_2cykFDJ_VA
yelp-216,Service was great as always . My fav ginger (Josh) wasn't there though. Nothing like a True North first thing in the morning,en,3,,yelp,QQiFz7ZkslaoPUJKZGKOxw
yelp-217,"A budget hotel. First room I checked into had some kind of odor, so I checked into another room, and it had a similar smell so I concluded it was probably the detergent they use when washing the linens. Smells kind of like body odor, not very pleasant. The room is also noisy, as you can hear lots of random noises outside. since it's near the airport. No gym, and the morning breakfast had very few options and no hot food. The plus is it's in a great location, and the front desk staff was friendly.",en,3,,yelp,VL2NzPGxngHxvy335KvJHw
yelp-218,"What can I say? It ain't what it used to be and I hate using this saying. Darn me. It's still an alright place to hit up once a month and the chicken is decent albeit a little expensive. It's a chill spot to grab some drinks too. The screen is a little too bright for me, but I suppose it goes with everything else in the place. Oh, and the statue that greets you at the front door kind of scares me...",en,3,,yelp,qsm7SkX60JsajT7Yz248FA
yelp-219,"Had breakfast this morning and was a bit disappointed. Orange juice served was old and it tasted nasty. Food was ok but nothing to brag about. Coffee was weak and they didn't refill it. Service was minimal. The place was renovated 3 months ago, and it looks beautiful and open.",en,3,,yelp,TUtOrI_GnVwSuHHTTEN8MA
yelp-220,"We were on the NW side so thought we'd give this place a try. Their stuff at the Greek fest was good so go to the source right? Large portions couldn't make up for what was, at best, food court worthy fair. Dry, underwhelming gyro, pizza dough ""pita"", and something off with the baklava (not as flaky tender as I was expecting). Wouldn't make a special trip from our home on the east side, and will be bypassing for something else when we're up this way again.",en,3,,yelp,BmwHAMrY-Tdrz6PApscqEg
yelp-221,I have been back several more times since my last review. The homemade potato chips are well seasoned. They took the horrible spinach salad off the menu and replaced it with a shredded kale salad with parmesan vinaigrette. Much better. They do need to diversify their salad menu more often. Or perhaps add one more.,en,3,,yelp,DOfiulOub9hVPBCtiDl9Fw
yelp-222,First off the restaurant has a cool vibe and nice layout. The chairs they have in their reservation area for larger groups are horrible. So uncomfortable. The service was decent. They forgot a couple drinks and dinner took almost an hour and half to come out. They showed us the cuts of meat raw that we ordered which I thought was cool but unnecessary. Now for the quality. The meat wasn't up to the price tag. The ribeye was fatty and barely any meat for 20 some dollars. The sides were good and expensive. Overall I was disappointed with this restaurant which I was looking forward to going and trying.,en,3,,yelp,lPPYZr1_jx0XeW-xR9WJtw
yelp-223,Its a new restaurant so I will give it another try...My lunch partner loves clam chowder and lobster...the lobster had a freezer taste and wasn't the best but liked the clam chowder. I thought the Fish and chips were ok a bit greasy. Not sure if the product is actually homemade or shipped in frozen. Prices are high for Midtown - Reno. Guess they get away with the high prices in Truckee. This is not the yummy Tadich Grill in San Francisco but based on the prices you think you are in SF. I will try it for dinner and report back.,en,3,,yelp,OJpwmYvsZnXt62sxco3F0Q
yelp-224,"The staff is very kind, the room so dusty, the mattress little old, food is great thougha little pricey. One more thing, my room doesn't have sound proof windows, I heard the highway noise the whole night.",en,3,,yelp,rOQ6I3QglJeXev8Wsx9hkw
yelp-225,I am assuming this is the Starbucks on the lower lever of the Target at Springfield Mall? If so - I had a perfectly acceptable experience here - ordered my usual Venti light ice green tea lemonade. No issues. Fourbucks aka Charbucks is pretty standardized. I went on a weekday morning and it was not crowded - but I have seen it on weekends and it can get busy.,en,3,,yelp,Ulnv0kGvI1qHk9CY-0w4JA
yelp-226,"Onion soup was amazing! Great presentation & very tasty, Lobster was fantastic, the side veggies were very bland and horrible, I Would have given a five star but for that the entire meal needs to be fantastic. The donut hole desert was also amazing '",en,3,,yelp,a3N9erjaLER_cH9rhsADEA
yelp-227,I've eaten here quite a few times and the food and service has always been outstanding. Today not. I've nw been waiting 55 minutes since my table placed our order and we're still waiting. The waitress is avoiding us as well. Unsat. When the food came it was delicious as always. I spoke with the manager and he appologized for everything. We'll be back again and hopefully the service we receive will be back to excellent as it had been on past visits.,en,3,,yelp,APQWf69OTUQwbYssNNgjCw
yelp-228,"Our family was visiting from California. We heard a lot a good things about Mother's so we decided to walk over from our hotel. We waiting in line for so long outside the restaurant. So that we didn't miss our flight, we ended up saying forget it and had Starbucks for breakfast. We were really disappointed and hungry. So the tip is: If you plan to visit Mother's eat first because you'll be waiting for a while.",en,3,,yelp,iSRTaT9WngzB8JJ2YKJUig
yelp-229,"Not the biggest fan of casinos but I had time to kill and it was the only game in town. Nothing special about gambling in this place, especially compared to big casinos for other cities. I'd recommend to check it out as long as you're in the neighborhood.",en,3,,yelp,XScJI9exHgC0u_c3vmm1vQ
yelp-230,"I like Rooster, but overall I feel that it is overpriced for what you get. The atmosphere is nice, but somewhat cramped. It's pretty difficult to find parking at this location, so that's a bit of a con. The food is good, but again, not the best breakfast food I've ever had. I'm a big breakfast gal, so it takes a lot to truly win me over!",en,3,,yelp,dzeBiAu0VAaVBbMwcV9GFw
yelp-231,The only reason I was turned off was the pick up. After a stressful travel day...I did not need to listen to the dinging ( loudly ) of the drivers seat belt alarm...all the way back to parking. Ben needs a little lesson in customer service and safety...buckle up Ben ...so annoying that you didn't care about our comfirty...that's why we didn't tip you Ben..‍,en,3,,yelp,P-PBH28Ck3jaUY660VTuAw
yelp-232,"I come to this specific speedway 3-5 times a week for 3 things. House coffee, hazelnut creamer, and a breakfast sandwich. Usually all 3 are guaranteed when I come in around 9am. Lately, they've been out of breakfast sandwiches by 9am and today there was no house coffee ready. (It was brewing) but to me, that's annoying. Also, Ash at the register should learn some customer service skills or get a different job. Bring me back the people that worked over the winter! They were amazing!",en,3,,yelp,qHqh7Zt8Wckr1-ylCOaiDw
yelp-233,"This was our first stop on our recent visit. The line looked daunting but moved pretty quickly. The hard part was finding a place to sit, which we were able to do eventually. It was all tourists. The server/bus person we encountered told us something curtly about where to sit but we weren't able to understand. Anyway, our food came pretty promptly. I enjoyed my fried catfish po boy. The hot sauce on the table really added something. My husband however did not care for the famous ferdi. I tried it and it was sort of just an average meat-meat sandwich.",en,3,,yelp,iSRTaT9WngzB8JJ2YKJUig
yelp-234,Hot chocolate tasted like warm water. Beignets were ok. Not nearly as good as Cafe Du Monde.,en,3,,yelp,Y2Pfil51rNvTd_lFHwzb_g
yelp-235,"this place is decent. the selection is lovely, however the service could be better. they really need to consider keeping open past 9 pm on fridays/weekends",en,3,,yelp,dF1064EcYXPcJ1ENvLN83w
yelp-236,This place is a decent boba place. I only go here because it's the only boba place closest to me and because Tucson isn't really known to have any good boba places. I'd say the price is pretty expensive for what they give you. This medium milk tea was around $5-$6. It is very diluted and you cannot taste the tea. It is definitely made from powder and probably just water with boba. The boba balls itself are not warm when they come out and sometimes they are undercooked. They don't have sweetness percentages so you can't adjust the sweetness. I'm giving them a 3 star for their customer service and that it's better than chatime.,en,3,,yelp,caGpaptBP4BKJkpH5W6cvA
yelp-237,"It is what it is- a cheap place to stay for a short period of time. It is loud all throughout the night and the walls are super thin so you hear everything. The beds are uncomfortable and the rooms are not that great or clean. However, I needed this room just to ""sh*t, shower and shave"" so it was perfect for that. I might consider staying again for a short period of time. It was also a short Lyft to French Quarters and walking distance to some cute stores and restaurants.",en,3,,yelp,X7MyCFbHwzAYvqqh7zb-Ug
yelp-238,"I needed to stay for one night in Santa Barbara to recover from a surgery, and although I was very pleased with the room and it's cleanliness, the noise level was ridiculous. The walls and windows are very thin. Other guests were loud as they stumbled in after midnight, shutting doors, rummaging around in their rooms, and you could here head boards slamming BUT if you're hard sleeper and aren't bothered by noise, then this place is perfect for you. It's just a few blocks away from the major stores and restaurants.",en,3,,yelp,qxo35x030xfjwjxJ4LGC6w
yelp-239,"Ordered to-go: muffuletta was fine but I've had much better, I personally like when the olive salad seeps into the bottom bun but that didn't happen here, it was pretty dry. The debris fries were just okay, would've been better with a side of ranch.",en,3,,yelp,goTAL_3Ns-bsMgfGmKDq0A
yelp-240,They need more help in the mornings. Between waiting to order and waiting to get my coffee and bagel - 20 minutes. And I went inside for the carry out because the drive thru line was too long. And I got the bagel long before I got the coffee.,en,3,,yelp,at4PB3mejHy6cX_xNLhMYQ
yelp-241,"Good prices, good food, never order the soft tacos if ur really hungry unless u order several, they are really small. Don't sit outside unless u want bad service. Normally they have 1 waitress out there with 7 tables!",en,3,,yelp,wnjFEC-w0qWnyDnO8k1RpA
yelp-242,This place is crowded like most Starbucks and the coffee is too bitter for my taste. My main problem here (and all Starbucks in general) is the generally slow service. The staff are mostly good people but there seems to be a lot of chaos. It seems like most of the work falls on the barista and the rest of the staff doesn't know what everyone else is doing. Go to Saxby's instead.,en,3,,yelp,pt0SLWdKuqrv7KRMgpOhLw
yelp-243,"I arrived in Philadelphia at 11:30 am for a work conference and was staying at the hotel. My room was not ready and would be in an hour, so I went to explore for a few hours. I went back at 5:30pm, still not ready! So they gave me another room, I went upstairs I felt like it was back in time, the furniture was old and no USB ports and bed skirts were stained and the fridge was unplugged and smelled. The employees were amazing, they were so helpful and incredible. But the hotel needed updating. I will go back once the hotel is completed in the updating stage is completed.",en,3,,yelp,HVOHC7EyUMYdgV7S6kd0uQ
yelp-244,"I came here for country music but I got rock! I would have thought that this famous venue would be bigger - but NOT. It was about 1/2 or 1/3 of the Radio City Music Hall in NY. Nevertheless, the acoustic was excellent and I was deaf by the time I got out in the evening. um.. what did you say?",en,3,,yelp,-9NmUeTphyS9Lq1o9MACGw
yelp-245,"I had VERY high expectations after seeing this little shop on Cupcake Wars, so unfortunately, because they were so high, I was a bit disappointed. I had the cookies n cream cupcake; it was good, but not out of this world like I was expecting. Maybe I should have tried a different kind. The shop itself is very cute with nice seating areas. I will most likely give this place another try the next time I'm in town.",en,3,,yelp,UuRZpgZsHX7PyykHV3wbZg
yelp-246,"Cute cafe, fast service, we stopped to get a cup of mint tea and Hot chocolate. They offer pastries as well.",en,3,,yelp,T0qzsFxkHK9w1afnmns4fw
yelp-247,"Good coffee but almost any thing is ""extra"" and have to pay more for it. Cashier a little grouchy but they can whip up a mean batch of coffee at the end on the day.",en,3,,yelp,-M7aI9P2XG79_E0c3sN7gQ
yelp-248,So-so bbq...very nice people though. Waited 30 min for 2 pull pork sandwiches ( they have a sign so it must be normal) ...ordered one large...the only thing larger about it from the regular was the bun size....small portions all the way around. The bbq is good..ill go back and try again. If your in largo try smokin rib shack on west bay...order the cdub sandwich..it feeds two people and is awesome bbq.,en,3,,yelp,kmtxMwDD_DT_JwP4-uyqXQ
yelp-249,"The owners seem very accommodating and certainly seeing their house is a trip. When I arrived, the woman told me she didn't have any cruisers available. She pulled out a bike that I guess she doesn't normally rent. With good reason. The pedals felt loose, and the gears kept slipping. For $20, this was only an OK deal.",en,3,,yelp,Vfpnf7pX17UAGZG4Y50Jjw
yelp-250,Stayed here from march 23-25. Rate was 129.00 per night w/ AAA. Parking was 26 per day. Got a free upgrade to a suite after booking a double. Hotel needs updated like the crowne plaza a block away. Decent hotel. Go for the Crowne Plaza if the price is close to the same. This visit was $60 more per night.,en,3,,yelp,NZG9a_jMy5e6jC8TrDvP7Q
yelp-251,"Your typical soho spot honestly. In the sense that the atmosphere and people matter more than the food. The place is super cute, my friends and I came for a Sunday brunch. One of my friends got the café con leche and it was not good at allll. It was also served cold. I got the two eggs over easy with toast, bacon and tater tots. It was good however my toast was cold and a little too greasy for my liking. Overall, we had a nice brunch but I wouldn't eat here again.",en,3,,yelp,C_csOMzSkq3Ufau_rKmTmg
yelp-252,Breakfast is cheap but you get a ton of food. Reminds me of a small town diner. Most people will order food for pick up or delivery but they are always busy in the AM with those orders. Rarely will someone eat in. Service is average for a diner. Free parking is helpful. Would recommend if you are hungry for A lot of food for breakfast!,en,3,,yelp,PW5eZM5RAQEhy3wgovChhQ
yelp-253,Coffee is ok (cafe dumonde is better). Beignets are slightly fluffier here. Service was extremely slow and disorganized.,en,3,,yelp,PVieWiYn8GK9GSLnNFmOyA
yelp-254,The food is exceptional. But the restaurant lacks the ambiance and experience to fully drive it home. It doesn't help that our waitress was neglectful and incompetent. I don't want to sound harsh. I just don't know what other word would fit. I still don't know if I will return. I hope it's just due to the pandemic because it is a top rated restaurant.,en,3,,yelp,vUrTGX_7HxqeoQ_6QCVz6g
yelp-255,"Nice setup and place, good quality service but just ordinary food... Like too many time in places in Tampa area, much more care has been spent in design, decoration, employees uniform than in what you will have in your plate to eat ..",en,3,,yelp,p_qSQwShIgQnNxGcajI4-w
yelp-256,"Service was good. Funky Korean music was too loud. Spicy and soy flavored chicken wings, a must try at least once! 4/5 Bulgogi over rice, sautéed in a pan? Not very appetizing, would have been better if it was grilled. 2/5 Spicy squid over rice 3.5/5 Drinks were good though",en,3,,yelp,qsm7SkX60JsajT7Yz248FA
yelp-257,"When I first checked in, I loved the homey and comfy feel! Everything was modern and it was in a tight (but comfortable) space. The things I didn't like was that I had to pay extra for wifi?? Which I didn't know was a thing? And the bed frame was a little inconvenient because the bed was able to move around, the frame did not hold it in place. Overall, pretty good experience but could use a little improvement.",en,3,,yelp,956T4nw0gCoORsLtes6rlg
yelp-258,"Was really looking forward to trying the place out, ended up being a huge disappointment. The beers were okay, nothing special. The food was extra salty with no other flavor. The tacos were dry and the jalapeño poppers were cold. The bartender was nice but the cook had a really bad attitude. The best thing it had to offer was the atmosphere.",en,3,,yelp,5U6M5mdJ4CMUefBpsIrcSw
yelp-259,"This place was fine to grab a coffee. I was a little bummed that there were any type of breakfast foods with substance, but it actually appears to be an incredibly common thing in the area that cafes only really serve caffeinated drinks. The place was pretty empty when we walked in and our drinks came up promptly. It wasn't great enough that I went back (instead I started heading to Rouses' Market), but I certainly wouldn't turn my nose up at it.",en,3,,yelp,4FDOh7BAb0pgLuD8rjl3bg
yelp-260,"Pizza was good. Everything else is basic. Doesn't matter, they closed down now so good night basic Italian place.",en,3,,yelp,6Yvr8ueH8itSb-U8lBihDQ
yelp-261,"Service was great. Servers were very personable. Too many selections in in he menu. Hard to choose. Sauteed alligator meat was very tough and chewy, and not much meat in the poboy. Red beans and rice was good though. Place was clean though.",en,3,,yelp,3wogQmKw729tKKWaVbZvbg
yelp-262,"Quick, clean sandwich shop right on State Street. Grilled cheese sandwich had tomato and avocado on multi grain bread. Came with tortilla chips.",en,3,,yelp,lu2UpRHLBZfvLG_caNEHKQ
yelp-263,Got a half dozen from here and like many of the past reviews thought the donuts were just okay. Most were dry and hard to swallow and flavors weren't that great. The only one that I'd get again is the old fashioned and the Alice in wonderland.,en,3,,yelp,P9ltq8KT6pgKjyZSKspHfA
yelp-264,"Es un lugar seguro pero quizás no del agrado de todo el mundo. Muchos morenos/africanos y mucha venta de cosas fake. A parte todo es como un misterio, secreto, te ven y si no les parece familiar creen q son de la policía y te tratan súper nasty, frío y con secretos. De lo demás todo bien, estacionamiento grande, lugares para comer, ambiente ameno, solo ese detalle y procura llevar carteras pequeñas y cerradas porque hay mucha gente que pueden entrar sus manos en las carteras sin zipper y llevarte lo que tienes adentro.",en,3,,yelp,VEOdkd68UTjnwn682LnyCQ
yelp-265,Had to change the very very unenjoyably sweet amaretto iced coffee to a Cappuccino that was better.,en,3,,yelp,5xLGcJKU65Sv7rV8m5gAwQ
yelp-266,"After pinewood social was a pretentious dick we decided to try this place for lunch. The beet and goat cheese salad was so delicious but it's unfortunately too small to just be your full meal. The Mac and cheese made a tasty, creamy accompaniment. Also had hash browns but they were way too greasy. I tried the housemade ketchup but didn't like it. It tastes like applesauce. I want to try more plates here but I'll prob smuggle in real ketchup just in case I have fries or a burger. I'll be back.",en,3,,yelp,punjQyM6mXEIfvWyYVBa2Q
yelp-267,"FYI GREYHOUND DOES NOT SERVE RENO UNLESS YOU BUY A TICKET FROM GREYHOUND'S ""RENO AMTRAK"" LOCATION. If they sell you a ticket from ""Reno"" to Oakland, the bus will depart from centennial plaza at 1421 Victorian Avenue. It costs $2 to travel from downtown Reno the the Victorian Ave station, and it is a 10 minute local bus ride.",en,3,,yelp,Xc2XlG5b0k4y4DuFYjd2Hg
yelp-268,The rooms were cleans wasn't like the other reviews it was decent for last min not dirty at all,en,3,,yelp,DFCwKc_5DGZYWtqz0aCnkA
yelp-269,"The people are very nice and I want to love it, but it has 2 problems I can't get over. #1 no a/c and usually no fan. It gets HOT in there for real. #2 food is $$$$. Like every crepe is $10. Crepes that aren't even a big deal are still that $$. I could buy a gourmet sandwich around here at places like Telas for way less. Make it breezy and affordable and I'll happily return",en,3,,yelp,W49fAQGBt9IgduhvqqRQ4Q
yelp-270,We stayed here for a night and the experience was so-so. We felt like the staff at the front desk was a bit dishonest...on the phone they gave us one price then in person another. I've gotten better rooms elsewhere for a better price than here. Toilet paper rolls were used like it weren't replaced from the day before. When we asked for another roll we got another used one,en,3,,yelp,7v0y0ugH4r0lLp7z4Z6bsg
yelp-271,This was my first visit. I ordered a crepe with veggies and it was really good and my friend ordered the Nutella crepe which looked wonderful. There is also a great coffee menu and the coffee is stellar. I just wish there were more seating available. I will be back to explore more of the menu.,en,3,,yelp,XiDhSghC-9Hz19hBlLpbyg
yelp-272,"With three levels, if the band sucks on one floor, you can always just skip up or down and try your luck on another floor. The views from their balconies are pretty stupendous and the people watching was top notch. That said, the night we were there it was inundated with bachelorette parties and large groups of bro-types. (See above note about people watching) The drinks were pricier than a lot of other places we went nearby, but the service was good and the bartenders were all friendly. Overall, good for some entertainment, good views and good people watching... just ultimately not my kind of scene.",en,3,,yelp,ZhA88ILcgEP9DNwZDx7f0A
yelp-273,"Today was not a good day for some reason. I ordered the Redbird with chicken. They must be using less spinach, which was a drag. Also the chicken had a lot of googlies which was gross. They did try to rectify but by the time it was remade I wasn't feeling it. I'm giving 3 stars because of the chicken...I felt it was a little half assed for them to serve that. But usually they are pretty good and worth the try.",en,3,,yelp,b4YPBSnqU5_L6TUz147Dow
yelp-274,"I had heard good things about Red Sun, so I decided to try it for dinner. When you walk in, you order at the front counter. They have menus for you to look at and decide. I ordered a few sushi rolls, and my friend did as well. They bring your food out to your table, and the food didn't come out at the same. I had to wait quit a bit longer. I thought the sushi was average and very salty. It resembled the same quality you would find at the grocery store.",en,3,,yelp,mSM8xX5Ui9g_d2EWIU9yJQ
yelp-275,Clean room but creepy front desk guy. Breakfast was adequate and attendant was very nice. Gave us bottled water for the trip . A nice touch.,en,3,,yelp,DAzM1AiX_gfyqjFbakPN6w
yelp-276,"Decent hotel, served as a good home base, but kind of dated and nothing too special. Kind of small room, and a nearly non-existent window. However, this place was much cheaper than comparable hotels, and it was worth the savings. The good was that they had a water bottle refill station, and great front desk staff who had good recommendations for us. The lobby space was also very nice. Discount on the parking across the street, but i'd still recommend using Spot Hero, because it's probably still going to be cheaper.",en,3,,yelp,p6H295aQCbDJ80GcpqFvwA
yelp-277,"The hotel was Great. The only reason I rated it 3 stars because it was my first visit. I truly believe rating something to high leaves no room for improvements. The room was beautiful and clean. Front was pleasant on my visit. I like the amenities: gym, pool and pool table. I would recommend.",en,3,,yelp,6I_DA3uqOox50rBvjrQ_-g
yelp-278,"This is all I remember: sweet, sweet, too sweet icing that tasted faintly of strawberries and a marvelously moist and tender cake beneath that had strawberries dancing in its tummy. I ordered the day's special cupcake: strawberry. How on earth did they get the cake so moist and delicious? Have no idea. But as for the icing, blech, how they got it so sweet is easy to figure out. Less is more. Really.",en,3,,yelp,8vwdDagJc8bJR0ZojFGZxw
yelp-279,"First time here, it was a little over an hour from my house so the location was great. The campgrounds and surrounding area are beautiful. There are some basic common curtesy rules but things seemed pretty lax overall.The ""beach"" looks nothing like how the website advertised. The mini golf and playground left a lot to be desired. The pool was great though and our sites were spacious.",en,3,,yelp,5mDnmxXBbVuNagxyyNENoQ
yelp-280,I think this place is overrated. Based on numerous reviews and recommendations we went here. Donut was a bit better than average but it was quite expensive. I definitely had way better donuts in my life and the money wasn't worth it. I agree with some other comments the texture was very dense which didn't make it feel like a fresh donut.,en,3,,yelp,3tvi-OJ_-iK1ecjzSaH-oA
yelp-281,"Tria was a good choice for my Friday night dinner with a friend. They have nice, small sharing plates at a pretty reasonable price. BUT, our waitress decided to memorize our order, and then brought us a dish that we didn't order. We told her that she made a mistake, and she actually still charged us for the dish that we never asked for! Besides this blunder, the food was fine. The inside was a bit dark and small. I know a lot of people love this place, so my experience might have just been an outlier, but I think it is worth mentioning.",en,3,,yelp,Q-prSTdggNlxAEFV88BZOw
yelp-282,"I wasn't thrilled with MilkBoy. (c'mon, Yelpers, I trusted you guys!) The food could have been better especially for how long I waited for it. I went around 2:30-3:00p on a Thursday and it was just OKAY. I only got the pizza fries, and the Hummus appetizer, but I had a bite of a burger, which wasn't spectacular. Great atmosphere, but not great food. I'd definitely give it a try for drinks sometime!",en,3,,yelp,V_jy9Aemc3kjznqhbsu_Dg
yelp-283,Food ok..nothing exciting. Service was average... Limited menu for brunch.. Will try again for lunch..some day Not crazy about breakfast menu.,en,3,,yelp,ikx5LMrD4MjdwWM0yTJzYA
yelp-284,Wish I had come here not so trashed for better assessment. Asked for a dirty martini with extra olives. Got a solid martini with 3 olives. Hmm? Chill spot. Liked the dark lighting.,en,3,,yelp,CFjQ7Rld0ddZFTi8Ryc5Kw
yelp-285,"This place needs some work. At the very least, they need to clean up the place, arrange the shelves better, and take care of the fresh vegetables so they do not get too dry. Sadly, right now it is kinda dingy and dirty.",en,3,,yelp,rWt749LSFT4KBLZoclAr0A
yelp-286,Covid-19 excuse for lack of services needs to go. Not having warm breakfast each morning nor coffee or rooms cleaned is now unexceptionable. Marriott is taking advantage of this situation. It cost me an extra $150 to buy family breakfast and coffee for three mornings. Halls were filled with dirty towels and trash and the smell of dirty diapers is a total turn off when returning to our rooms and walking down the littered hall in the evening as well. A bit discouraged with this stay. T.,en,3,,yelp,nyRBU9cCccVHil2qUZfAOg
yelp-287,"I agree with all the either reviews mentioning high prices. My impression from the first time we went here is that the quality is high and does warrant the premium price. I thought the ingredients for fresh and a quiche, while not the best I ever had, certainly what was enjoyable. We will have to go back to try some of the pastries.",en,3,,yelp,Njv2-eMDyGEWEPEOVonwsA
yelp-288,We enjoyed our stay here we stayed between oct 1 - 3 but what we didn't know was the coupon book you guys left in our room expired the 30th of septembet which kind of sucks because we were going to use a some of the coupons but since they are all expired we can't it's just annoying.,en,3,,yelp,J6ZSgoKCLBDMMzuhM-aYGg
yelp-289,"Love the Pasta Elliston with a meatball. Coco's is one of the best Italian spots in town, but don't expect to get great service if you order pickup. After 5-10 pickup order experiences, I've learned that they may not answer the phone, they may not have your order ready on time, and they may keep you waiting at the register for ages. But, the food is great!",en,3,,yelp,wL_5DIYA06jXzqV3FMhfBg
yelp-290,"Absolutely beautiful hotel but the main ""Living room"" bar is a dub. We waited 40+ minutes for sliders and then they sent out the wrong items! They sent out the grass fed beef sliders when I ordered the black bean sliders. Vegan/Vegetarians beware! Check your food before eating.It's not busy and it's a Thursday night so i am not sure where the issue was. On the side note, my meat eater friends said the sliders were very good. Still disappointed that I wasn't able eat with the rest of my party that was with me. Wetbar is flawless and service is great!",en,3,,yelp,TZhCpOoo4TIg7dgftWNKyQ
yelp-291,This was the toughest course I've done in 10 marathons. I just didn't see why it needed to be that hilly. I'm not sure if there is a way for it NOT to be hilly but it takes away from the fun when it's too tough at times. The volunteers were good and I felt I had plenty of water and food. The medal was also great and shiny. The buses to the start line were good and easy to get to but my wife said as a spectator this was the worst for her to get from mile to mile. Wouldn't do it again but would definitely visit nashville again.,en,3,,yelp,2bV-4J8d0H9v4pUvwWJ8CA
yelp-292,"First time visit to Santa Barbara, we picked this place because all those good reviews. The restaurant looks very clean and special, we ordered special source with shrimps, tasted good! Crab with lemon pepper was too salty and fried brussel sprouts was over cooked...... service was just okay!",en,3,,yelp,OM5beWRkxZSu1TShUC3EDw
yelp-293,Fantastic upstairs area for people watching. It's a chain so everything tastes the same as it does everywhere else in the country. The Bathrooms were pretty dirty but thats to be expected when there is a 15 minute wait.,en,3,,yelp,a-dPw0ISYHoxMmWgd4mK-g
yelp-294,"I was there a few weeks ago for dinner, the service was great but the food was pretty average, you can definitely find better Indian food in St.Petersburg for what you are going to pay here at dinner time.",en,3,,yelp,6ifXVhNYWukCse0k3BZ2KA
yelp-295,"good location and relaxation..a place to get yo Z's. If it's on a bed or on the floor, La Quinta provides a mediocre hotel experience. Sleeping on the floor is recommended only if you can bear the smell of poop that permeates the ground, some sort of phantom smell.",en,3,,yelp,Gf6VxoCCxdbJkInNGH6l2A
yelp-296,The hotel is impressive in size. I thought I was going to be spoiled upon walking into the lobby. The rooms themselves are a bit stale. The bathroom in particular was not very enjoyable. Personally did not understand how to get into the shower without rubbing past the toilet. Bathroom had random hairs laying around also. At the end of the day it was a place to sleep though.,en,3,,yelp,-7_R1BNUukbvb97OMNmxnA
yelp-297,This Casino/hotel is mediocre. I like the downtown location because it's close to everything you'd want to do in Reno.,en,3,,yelp,J6ZSgoKCLBDMMzuhM-aYGg
yelp-298,"I like Starbucks for the most part. It just doesn't make sense to pay $6 for a drink and they can't even fill the cup up all the way... there's no way they look at it and know it looks right. Wish they had employees that knew what they were doing. I haven't even taken a sip and this is what it looks like! Hate to complain and I normally don't, but paying $6 for this is kind of frustrating.",en,3,,yelp,VA3WTqU9b88Zgck34s-0sg
yelp-299,"[PROS] - Close from train station - Close from Scottrade Center - Spacious room and affordable price - Clean linens [CONS] - Too much electricity issues (the light switch by the entrance is not working, had a power outage at night.) - Building seems old - View from window is not good at all",en,3,,yelp,511w7d4H9BRXovw6hB_3iA
yelp-300,"Food isn't that great, but live music performances and friendly service makes up for it! Great place to chill at while waiting for your flight!",en,3,,yelp,h7Fq7pBe2uMD5doA91j6XQ
yelp-301,"This location is super convenient! Right off of Rittenhouse square, the location overlooks the park and even on a gross day it's nice to sit outside and watch people go by! I don't drink coffee, but I hear that it's pretty good here. I am more of a tea person so I went with the green tea - it was really good! It came in a fancy tea steeper and it was bagless so I felt like my money was well spent based off of that. It is a tight space though and the tables are small so if you're looking for a study spot, I wouldn't recommend this place unless you're ok with that.",en,4,access_transport+,yelp,f-qlRLsQ2vPATmlLTgLHbQ
yelp-302,"The one star review on here is a bunch of crap. What a great local story. Doug and Brewmaster Dan have done a fantastic job representing Reno and providing yet another craft brew for us locals to enjoy. Patti does a GREAT job serving up thirsty fans at the brewery, which has a ton of character, cheap beers, new batches to try, darts, and a huge wall collection of beers from around the world. Oh, and the beer? It's tasty, the menu is growing and so is Dan's talent.",en,4,price_value+|food+,yelp,Ndoc5kgsnvQHLIrbybvhng
yelp-303,Can't go wrong with ice cream! Many different options were available along with a number of other nicely made & decorated treats! Located within central popular location. A bit too pricey for my ice cream budget but my waffee come sundae was delicious,en,4,price_value+|access_transport+,yelp,aklDnLm1843Lvr1cF0iaig
yelp-304,The s'mores concrete was delicious!! I don't have any frozen custard places by me so it was nice to have something different. I definitely think it lives up to the hype!,en,4,,yelp,nRKndeZLQ3eDL10UMwS2rQ
yelp-305,"Solid dinner. Was advised to come here instead of battling the lines down the street. Kind of a diner interior, but larger scale. Everything we had was great, from the oysters, crawfish, stuffed flounder, stuffed crab and soft shell po-boy. Large portions and no room for desert.",en,4,food+,yelp,RLlOK2fL6xU1sfIPiP2QBw
yelp-306,The food here is glorious! They are kinda pricey but it's worth it! They aren't very good for groups because it's such a popular restaurant. I will be back here again!,en,4,price_value+|food+,yelp,bVV6Y8WAPMyn5Cqqy8cU1A
yelp-307,It's a great go-to when you want a healthy omelet for breakfast. They're delicious and made with a smile.,en,4,food+,yelp,_qJqhR3q9TA3SB2BPY3PJw
yelp-308,"Great coffee shop in downtown Reno! My friends and I stopped by for breakfast on our first full day in the city. The baristas were so friendly and fun to talk to. I really enjoyed my vanilla latte. I also got a spinach and feta pastry and while the flavor was fully there, I wish they had warmed it up to taste even better. Overall, we had a really good experience and I'd stop by again when I come back to Reno",en,4,food+,yelp,W8fyKHzZX68SQWFvwq_JMQ
yelp-309,"One of the best!! I have been in this great spot tow times before and I really loved it. I'm sure that I will go there again and again. Having lovely and smiley staff is the most important thing to attract customers, and they have this type of great staff. So keep it up guys. However, there is only one problem, fix the tables. ;)",en,4,guide+,yelp,RnhLCG4N9MPy6ZRzq787Cg
yelp-310,I'm so glad this place is in Boise. The baguettes are so yummy (I like the BBQ pork) and the vermicelli noodle dish is fantastic. Great cheap place to eat.,en,4,price_value+,yelp,nnZIsmpIQnuQY5S-MoGyvg
yelp-311,"As a coffee house, I'd prefer that they open earlier rather than remain open later, but their desserts are first rate. Two nights in a row we had excellent sweet treats, from a rich, perfect, if unimaginative chocolate cake, or flaky, yet chewy Butterfinger brownie, to classic red velvet and carrot cakes. The last two helped rescue a dismal meal.",en,4,food+,yelp,t1qF12NdW8KvCqxqbvy-Hg
yelp-312,Chose this place on a whim for coffee with a good friend before the holidays. I was pleased to find it warm and inviting with friendly staff. I had an iced tea which was very good. That's a high compliment coming from a Southerner. We take iced tea very seriously. My friend had a Chai Tea which she also enjoyed. I also appreciated the fact that you got one free refill on the iced tea. I'll certainly be back.,en,4,guide+,yelp,JCX4onyDxlYucChUTq9_lQ
yelp-313,"Enjoyed a brunch here with a group of 4. I had the croque Madame which was very tasty. We are on the second floor and enjoyed the decor. The restaurant itself is not very big, but we had plenty of room and they had no hesitancy accompanying my group when I initially thought it was going to be larger. Overall, a good experience.",en,4,,yelp,q1VOESxR99qJvpubnNxyJQ
yelp-314,"We has a lovely stay at International House. The decor in our room was lovely - white linens on a HUGE bed and taupe accents. I loved the oversized velvet chair, huge crystal chandelier, and the Aveda bath products. Concierge service was great, and there were no hidden charges. My only complaint is the owner threw a huge, noisy party in the lobby one night of our stay. I think it would have been wiser to inform guests in advance as a courtesy. It was so loud, it was almost impossible to speak to the desk staff when we needed to. Party aside, we very much enjoyed our stay and will be sure to come back.",en,4,guide+,yelp,cxB31SdS6anItwCmTOKtNg
yelp-315,Pretty good airport. Though the layout is a bit confusing. I'll pay more attention next time I fly into STL.,en,4,,yelp,8O35ji_yOMVJmZ6bl96yhQ
yelp-316,"(Pick-up order via Snackpass -- 40% all platters during happy hour!!) Rainy day got me in the mood for some warm, carb-y Mediterranean food, and y'all KNOW the happy hour deal at Hummus Grill is hard to resist. Tried the Vegan Shawarma Platter ($5.99) for the first time; I added sides of hummus, french fries, cucumber+tomato, fried eggplants (!!!! yes), and hot sauce. Everything is pretty standard, pretty yum -- plus the hot sauce is actually hot! Otherwise, decent grub for the price, and you really can't beat that Snackpass discount.",en,4,price_value+|food+,yelp,bgxDswHIdFP0Go0pNfyAAw
yelp-317,"What a cute and quaint little coffee/tea shop, with bistro type foods to eat! We stopped in here on whim to waste some time before attending a wedding... AND BOY WERE WE SURPRISED!!! They have the cutest rooms for you to be seated while you enjoy your order. They even have a creative room to help get the CREATIVE JUICES FOLLOWING! There is also a little area to shop for little items made my local artist. The items in the area range from handmade necklaces to scarfs to magnets and post cards. If you ever find yourself in the area... DO STOP IN!!",en,4,food+,yelp,XvFKxQj9lfLIUxRHrAodQA
yelp-318,"* sucky parking expensive prices good dessert * Drip Affogato Bar is located in the Central Business District of New Orleans, which mainly means that finding parking around here will likely be both hard and expensive. And because Drip is such a bougie place, the prices match the expensive aesthetic of the CBD and the vibe that Drip gives off. I think the price is worth it, at least to try it once because it's pretty good! It's a good place to go to for a celebration or fancy event. I LOVE this affogato bar, it's just a slight hassle to get here & also takes a slight hit to my bank account each time.",en,4,price_value+|access_transport+,yelp,-UEeCTgxud4OGWshX4x-jw
yelp-319,"I have several Dunkin's near me and this is my favorite one to go to. The staff is always cheerful, nice and helpful. It's never crowded which is nice even though it's located in A busy area of center city. The food is given to you quickly and the longest I've waited was probably about 2 minutes. It's kept clean which I appreciate since the one about 2 blocks is not. The food is standard Dunkin' quality so I don't expect anything out of this world. What really keeps me coming back is how friendly everyone is.",en,4,guide+|facilities+|food+,yelp,PxwdZDfO9AMFxUYjedhV3Q
yelp-320,"Been to this Starbucks almost every day this past week. Good Service and the drinks are made just the way they should be and within a reasonable amount of time. Overall it was a very average Starbucks experience for me which isn't to say that it's bad, it's not. I'm just satisfied with the service I received here.",en,4,,yelp,6bT5PaG9xC-V76O4dtDOrg
yelp-321,"What an interesting concept! This little doughnut shop is actually a mini doughnut factory. As soon as you walk in, you are greeted by a sweet smell and smile. You can actually see your doughnuts being made after ordering. I got a 6 pack which include the anti-filled, Boston kreme, Homer Simpson, birthday cake, rice Krispy, and french toast. You can either order off their menu of doughnuts or create your own with the different toppings. My favorite was the French toast. I devoured each doughnut in two bites. I liked the somewhat crunchiness on the exterior of the doughnut. I will definitely be back when I'm craving a sweet treat!",en,4,food+,yelp,UxzNkaC5944XFQ4Kwiw_ZQ
yelp-322,"Had a large party and they accommodated well. Tried the boudin balls and they were great and full of flavor. The gumbo was very good with good flavor and spice but lacked in quantity of meat and seafood, however we came in toward the end of the day so they might have been running low on gumbo. The shrimp and mango salad was excellent and fresh and had a large number of shrimp. Would definitely come back.",en,4,food+,yelp,bp5Mk2d0qofUeF5uLauIbg
yelp-323,"It was such a pleasant breakfast experience! Good food, good service, and good company. The restaurant is quaint & the menu is limited but packed with the essentials. Crystal was our waitress & she did a very nice job. The experience was overall a good one & if/when we're in the are, we'd surely take a trip back!",en,4,food+,yelp,n0s2eCijdheztrvfk8BeTw
yelp-324,"My husband and I ordered the Rockafellar oysters. They were absolutely amazing! I wish we had ordered more. The spinach on top was perfectly seasoned. My husband ordered the pasta jambalaya and he said it was the best he's had. I decided on the bayou platter. It wasn't bad, but I wish that I had chosen something else. The customer service was pretty good. We were seated as soon as we walked in and our order was taken once we were ready! Next time we're in New Orleans we'll definitely go back.",en,4,,yelp,9OCsSHr6OCSyR91BFIbszQ
yelp-325,"First of all, Louis Armstrong was not actually here. But check in was quick and relatively painless (was only bitten twice by TSA zombies) and there was a solid selection of food.",en,4,food+,yelp,Eb1XmmLWyt_way5NNZ7-Pw
yelp-326,"I came here for dinner and drinks with a few friends after work during the week. We ordered cocktails which of course were fantastic as I've heard this is one of the best cocktail bars in town. Each of us ordered a few snacks, I ordered the cheese curds and brown butter biscuits. The cheese curds has great flavor I mean who doesn't love fried cheese?! The brown butter biscuits were delicious but the portion size was teeny tiny for the price. That seemed to be the consensus of the group that while their food is delicious it's expensive and you may leave hungry. Will definitely be back though for an early evening happy hour.",en,4,price_value+|food+,yelp,_gVyuTRb_6HM-SNtqbpevQ
yelp-327,Finally tried this small (16 seats)family owned restaurant. You feel like you are in family home. My veggie scramble was delicious and my husband said the Blind Dog coffee was VERY good. The western decor accompanied by the old fashioned country music provided a little respite from busy city life.,en,4,,yelp,zEZO2ySF7ym3rWyXBln0zQ
yelp-328,"Business trip - Glorious bedding, decent gym, cookies at check-in, ice cream when we returned from dinner (at Vine & Stein 5 star!), UNBELIEVABLE hot shower pressure, peacock wandering grounds, hot breakfast & spectacular night desk management. Good luck with your delivery!",en,4,food+,yelp,E6G59qYgnP4p8QmWz-fjWg
yelp-329,"what a cool experience! The only reason I'm giving this 4 and not 5 was because I went in January where there is little gator activity. We saw some though! and also different types of birds, and turtles, and of coarse the swamp itself was amazing! Although New Orleans is a great place, this was a nice escape from the city for a few hours... hope to go back in the summer sometime :)",en,4,,yelp,I6XG5CoPAoE2l0fQnAlJhQ
yelp-330,"This is a lovely place to do work--beautiful airy atmosphere inside with lots of individual tables, as well as a large seating area outside with both sunny and shady sections. The oatmeal chocolate chip cookies were fantastic. My iced chai latte was a little watery, though.",en,4,facilities+|food+,yelp,Ukkr1N8UApmJsOzbX4XnRA
yelp-331,"Ok, the only reason this did not get a 5 star is because I hand wrote the chef a letter pleading with him on how he made his scallops in a corn chowder reduction. I used to eat at this place 1x a week. Every time, this dish. I would actually awake at night thinking about this. The best flavors I have ever tasted. Their business man lunch is a real bargain. I always get the pulled pork/beef bbq.",en,4,food+,yelp,Mm9zXIgMQMzgDt4GShSWrw
yelp-332,"Went to Lolli's for some Mother's Day gifts. Their chocolates are quite tasty. Also, I put together some boxes for various mothers and the cost wasn't too bad. Very reasonable. Also, they have day old chocolates and past holiday chocolates that are a lower price. Great place to go and better parking than Blue Frog.",en,4,price_value+|access_transport+,yelp,8cCQw7KZ-jvexIR71_Ijhg
yelp-333,"LOVED the theme this year. The floats were amazing and the riders were pretty generous with the throws. Really, the only bad thing was the weather - but even with that, Tucks was able to move their start time up by an hour or two, hoping to beat the worst of the storm. It started raining a little early on, but we stuck around, and I'm glad we did. The baby had a great time, as did the adults. Tucks definitely beats a lot of the ""smaller"" daytime parades. We almost went to the westbank parade instead, so that we could escape the poor weather a bit quicker... but I'm glad we went uptown.",en,4,,yelp,YAgQMriJNkpEOkG7rVwNFg
yelp-334,What a great place to bike to in the eagle area. A friend of mine introduced me to this place and I loved it! They have an amazing bakery for breakfast and delicious burgers for lunch. Workers were very nice. Definitely will return,en,4,food+,yelp,O_1sGyWvZsPbAh09-uI-bQ
yelp-335,Was pretty decent - the food lacked some salt and pepper otherwise the service was quick,en,4,food+,yelp,oGlMIii5HyrvOx-GtTzsbw
yelp-336,"SO GOOD, but PREPARE TO BE POOR AFTER A MEAL HERE! Def avoid like THE PLAGUE from 12 to about 1:30. Yes, you will reek of expensive, organic ingredients pressed in a panini-presser but so what? You'll smell better than having gorged yourself at one of those Indian buffets nearby. Despite the price, you do get a lot of food. Plus, it's organic and healthy. You pay for fantastic quality and the dressings are AMAZING.",en,4,price_value+|food+,yelp,AU5C7IX0mogLK32u2EEOBQ
yelp-337,"It's not a 5 star restaurant but it's good enough for a hospital. My parents and I usually went here after my chemotherapy and radiation treatments until I got too sick that I couldn't keep solid food down. It was tasty 5 years ago so I figure it's just as tasty now. It is a little expensive but like I typed, it's hospital food. It's not going to be cheap.",en,4,price_value+|food+,yelp,Xl10ezJvJOzOdkr9Oelo2w
yelp-338,Always a dope spot to get boba! Definitely the most traffic boba spot in Chinatown but on this Thursday night looks like no one was home haha! The warm HK Coffee/tea w/ boba was an interesting combo ... that I'm not sure was on the menu ... but when I asked for coffee + boba this is what I got.,en,4,food+,yelp,tMtI6ECD6hwM-nFp2kXLKQ
yelp-339,"Got a deal through Hotwire and so happy I did. Great hotel, GREAT staff. Sweet rooms, super bar tender and the staff's suggestion for breakfast at Green Eggs Cafe ROCKED.",en,4,guide+|food+,yelp,6I_DA3uqOox50rBvjrQ_-g
yelp-340,5 for the dessert (bread pudding - dang) 4 lunch special (soup and veggie sandwich) 3 service (could have been much better - slow and not that helpful),en,4,food+,yelp,uqXYVxIwoEsFFjEHBlMZQA
yelp-341,"More interesting is deck fresh air , weekend life music , delicious burger , some brewery different beer...",en,4,,yelp,a9-gYc8CKX6qbf4GX_VawA
yelp-342,"Yes! A healthy juice place that is convenient and easy to order and pay using an app on my phone. It's not going to be for everyone - but if you are into juicing it's a great place to visit. I can't vouch for the food / salads but the pre made juices are always fresh and tasty. It is a bit expensive, but for quality ingredients I think it's worth it.",en,4,price_value+|food+,yelp,l6mquWS8G2EziWAO6ZMUsA
yelp-343,YUM!!! after dinner at Luke we walked to this place. the Honey Lavender and pistachio are delicious!!!,en,4,food+,yelp,-UEeCTgxud4OGWshX4x-jw
yelp-344,Came here to try a something new and we weren't disappointed. The portions are huge and the food is good. My boyfriend had the chicken fried steak and said it's possibly the best he's had. The corn beef and hash omelet is amazing. The only thing we both weren't fans of were the potatoes. We will be back in the near future for sure,en,4,food+,yelp,hjRxa6xpKOwnbUgGvVCE5Q
yelp-345,"Conveniently located on the corner on Elliston Place. Have to be careful turning into the parking lot due to busy traffic. Don't let the hot sign cause you to have a wreck!! You can see the conveyor belt with fresh, tasty donuts from the drive thru window. Stop by for a yummy treat if you're coming to St. Thomas Midtown (old Baptist Hospital), one of the many doctor's offices in the area, or just passing by.",en,4,facilities+|access_transport+,yelp,9sdu-m075T6qdB46wXP46w
yelp-346,"Had the down south for breakfast which was incredible. Eggs were cooked just like I asked. The crawfish etouffee was a little watery but the crawfish was fresh and spices were perfect. Cinnamon bun was delicious, would definitely get that again. Staff was very very nice and helpful. Free wifi too!",en,4,guide+|food+,yelp,aROhaLh-dqtt-h6BG-gn2w
yelp-347,"Great location and really cool vibe! *Don't get a soy latte, I did not dig it. Everything else is great with soy!",en,4,access_transport+,yelp,qUH2FppY7RL96F5tXzA0hQ
yelp-348,"My husband and I found this on yelp and loved the central location to everything in downtown. It is reasonably priced and includes parking. The decor of the place was so neat and it made us feel at home. Our favorite part of the place we're the large windows that opened up to a beautiful central skyline view of the city. It would have been five stars it if it had a balcony lol Other than that this place is really clean, private and easy to park.",en,4,price_value+|facilities+|access_transport+,yelp,vfaOdFwXxyI-ZO8jQIYuJA
yelp-349,"(3.75) ~ Good Overall Natural Foods Grocery Store. Note: It's similar to Whole Foods, but with a greater emphasis on Plant Based Products and less meat. Pretty good selection of supplements for a Grocery store. And the star of the show is their Produce section;)",en,4,food+,yelp,Er7z9IDGqWO4O2sA2eIegg
yelp-350,I would love to have more check ins but City Garden isn't on the rotation much anymore. Makes me sad:(,en,4,,yelp,MnlHMZ9RGVaS71rVwINyOA
yelp-351,They make it the way I like it - strong! (usually get the Red Eye). Convenient location right at the Streetcar stop on 4th Ave & 5th St. Reasonable prices. Easy in and out when in a hurry. Nice little coffee shop that will be even better when the patio is done.,en,4,price_value+|access_transport+,yelp,LU7WfvB9o5_JSW5IMvGedg
yelp-352,"Great food and nice servers. It's not the greatest place for ambiance but as far as food goes YUMMY! I had the crawfish étouffée and it was excellent. Lots of food great sauce, bunches of crawfish and nice spice.",en,4,guide+|food+,yelp,SF_EZGDPq7WayLKNJdIeMQ
yelp-353,I really enjoyed their pralines. I also tried a white chocolate turtle which wasn't bad either. I'd chose Southern Candy Makers pralines to enjoy in New Orleans and bring back the packaged Aunt Sally's as they may travel better being they are boxed. These were definitely one of my favorites over Magnolia and Leah's Pralines.,en,4,,yelp,x5IHeDKH72KGBpnxfxa8jQ
yelp-354,"A little hole in the wall place in walking distance of my Air BNB in Compton Heights. I loved that it was so close, and the neighborhood was so lovely! Lona's Lil Eats had delicious, healthy food. I went for the Steak Wrap and Spicy Eggplant. Everything was super yummy! And the Ginger Molasses cookie was just what I needed to top off dinner!",en,4,food+,yelp,HCYs4zgL7kCLdEqKRqaPbg
yelp-355,"Fun place to come with friends, they have more lanes than any other bowling alley that I have been to and they have a separate room with a bar and dart boards that does dart nights with groups. The drinks are average priced and they have some food to purchase. It can get pretty busy on weekends, including if school is in and I like that they are open late.",en,4,price_value+|food+,yelp,iGMS1iM71HLrZN3V_kqd2g
yelp-356,"Honestly, who would have thought that hot dogs and donuts would actually taste good together?! It's an interesting idea and it works well here. Loves: + elote loco is the most popular and duh, bc it's good + stairway 2 heaven and dirty churro are best donuts + space is cute bc it's a converted house to shop + cool staff who get that you might take 2349802 years to order ;) I came here due to a recommendation from a local and it was worth it. Not to mention, our visit here was super special because we got some comp'd beers. So YAY!!! What a great time. :)",en,4,guide+|price_value+|facilities+,yelp,XnbuS6ieFxsDSH9go88juw
yelp-357,Love this place but it does get crowded and parking can be a bit of a pain. However the food is amazing. Love to come blow paychecks on amazing food.,en,4,access_transport+|food+,yelp,2KIDQyTh-HzLxOUEDqtDBg
yelp-358,Great casual seafood joint with good specials and good food. Prices are good for the location,en,4,price_value+|access_transport+|food+,yelp,o2loFPjTN8zlkhb8Q3WTnA
yelp-359,"First off, Kennett Square (where?!) is a little hidden gem - and by little I mean 2x2 blocks. It's a weird blend of small-town-in-boonies and hipster, and it works. Philter is a down-to-earth coffee shop in the middle of the main road. Spacious interior and very friendly staff. Along with the aroma of pastries that fill the shop, you can smell the Ceremony beans in all their glory as you enter. Can't go wrong with the lattes, and I suggest sipping it in the small seating area outside for some good people-watching.",en,4,guide+|facilities+|access_transport+,yelp,k1VWscMY1JqCHNVDk-lD5w
yelp-360,"As an out of towner, this is where I went first to try a Philly cheesesteak. Watching the process passed the time while waiting in line. If there's this much discussion about which institution is better, they all must be fairly good.",en,4,guide+,yelp,sTPueJEwcRDj7ZJmG7okYA
yelp-361,Great time at The Saint Phillip French Quarter Apartments during Mardi Gras 2015. We were in walking distance to all the festivities. The staff was very helpful.,en,4,guide+,yelp,-ns9xUr8x2_MPONXobT7zg
yelp-362,Great fresh Mexican. Loved the specials: we had chile relleno stuffed with crab and enchiladas stuffed with halibut and prawns -- a great twist where the local fresh seafood is so abundant. They had all the usual items you expect to see on the menu; the service was very good and the margaritas were superb! They use a premium Patron tequila in the margaritas and it shows.,en,4,food+,yelp,b5hxsRw76UUXcotxlCipuQ
yelp-363,"I am updating this review. I hate actually providing a negative review and really only do so when the situation calls for it. I also believe in second chances - so I decided to hit Fuzzy's for breakfast as I was in the area and am happy to provide some further insight. I can report this visit was far better than the last. The staff were courteous and efficient in getting my order done. The food was very good. I had two burritos (one chorizo and the other bacon) and a side of potatoes. This was a carry out order but for those looking to dine in, the restaurant is attractively decorated and has outside seating.",en,4,guide+|facilities+|food+,yelp,L01bg8xo2O7Ig7FIiUJ5Ng
yelp-364,"One of my favorite spots to do work. High quality coffee, nice variety of brunch options (served all day) The only downside is that the wifi isn't always the greatest and it takes them awhile to make drinks sometimes.",en,4,,yelp,gwxNttwUgmOn3vsHYe0pDQ
yelp-365,"Nice outside patio, great atmosphere, awesome drink menu, nice attentive servers, music is way too loud, very hard to have a conversation. Will sit outside next time.",en,4,guide+|food+,yelp,_gVyuTRb_6HM-SNtqbpevQ
yelp-366,"This is an exquisite place to have a drink. Quite a mixture of such liquids that make me feel like I don't even know my own language, i.e. ""Amaro sfumato, amaro nonino, lambert de seyssel, brut NV. Port glass""..... yeah whatever that is. It was decent. More importantly- there is a record player in the bathroom. You can choose your own record. Great place to take a peaceful dump. Nice work gang.",en,4,facilities+,yelp,5-HsdtO1r_9a3aqfwqy3BQ
yelp-367,The food is fabulous. The house margaritas are really good. the beer is cold. the salsa is so good. The prices are right. The staff is fun and flirty with the ladies. I wish I could move it closer to my home.,en,4,guide+|price_value+|food+,yelp,BvqJe6XmjKC8fQsjEMsCrg
yelp-368,"In the heart of downtown Narberth with a lovely outdoor seating area, this is a great place to grab a tasty ice cream cone, no matter the season. It's great that they always have at least two dairy free options and one or two sorbets. For a small shop, their ice cream assortment is pretty impressive. My current favorite? Butter pecan!",en,4,facilities+,yelp,3w1bNySoemRzRVvh4k0spQ
yelp-369,"What can you expect for 50 cents? There's a stop at every block, drops me off exactly where I need to be, don't have to find parking, saves on tired legs, don't have to navigate busy sidewalks. What more could I ask for this price?! The down sides: the slight wait...we waited 20 minutes when we first got on, then 10 for the return trip. Also, shuttles can get packed and you might have to stand or wait for the next one.",en,4,price_value+|access_transport+,yelp,-JvB2PUfqNRjJZRgRpvWGg
yelp-370,"What a fabulously adorable breakfast spot! Although the restaurant is situated in a less than stellar looking strip mall, do not let this deter you from from visiting! I have enjoyed various items from their morning menu, but the breakfast burrito, pancakes, and potatoes stand out in my mind. While you can call ahead to order for takeout, I ordered at the drive-thru last week and was pleased with the quick service. The cashiers are using masks and gloves due to COVID-19, which I appreciate.",en,4,access_transport+|food+,yelp,6FvC6w810uf6O7Ocd6Wpog
yelp-371,"I really grew to enjoy Fat Straw when it was around, and I will miss the chance to get bubble tea every now and then. That being said, it's pretty good for gelato. Gelato is generally a little heavier than ice cream, and it's usually smoother. I would say that they seem to go just a little overboard with the flavors, but I had the coconut, and it was great.",en,4,,yelp,p0mxscqr7BgMR-I4pGM3Kg
yelp-372,"Cute cafe. Very nice employees. I recommend this place! Mainly bc its close to home for me, but great quality.",en,4,,yelp,noBinj5ChHbPCHfqTcUO6g
yelp-373,"Nice work Tampa! Your airport is clean, convenient, has lots of shopping, hotels on sight and even live music. Thanks for making your airport not seem like at airport.",en,4,facilities+,yelp,c_4c5rJECZSfNgFj7frwHQ
yelp-374,"Lox omelet could have been good, but I ate first half wondering where the cream cheese was, only to discover at least a half block of cheese was dumped on the other end. Jay's bacon Benedict was excellent. Huge serving a fruit looked beautiful on the plate but something they had cleaned the grapes with causes a strange reaction on my tongue, and did the same to Jay. Made it feel like it was burned, and very dry mouth.",en,4,facilities+,yelp,_sJJWbW9hACKCR5fIhbqcg
yelp-375,"Cool atmosphere and fun goodies. We ordered two smoothies which were very tasty. The chocolate banana one was oh so good. The strawberry banana one was very refreshing. They have yogurt toward the back, you grab your own cup and it was creamy and tasted great. The ultimate treat was the açaí bowl filled with a smoothie, fresh fruit, grAnola, and drizzled with sweetened condensed milk. Wow, can I lick the bowl? The store sits on a great ppl watching street. They have window seats that makes that all possible. Really fun place to take a break.",en,4,,yelp,U2y7fsqDgxAXskoJNVxbwg
yelp-376,"Food is absolutely delicious, especially the crawfish etouffe and bread pudding. This is a must stop for me when visiting. The only downfall is the staff. They can be very rude and uninterested in your needs, probably because patrons are not allowed to tip. Don't let this deter you from the food.",en,4,guide+|food+,yelp,iSRTaT9WngzB8JJ2YKJUig
yelp-377,"(4.5) Can't recall eating a better Acai bowl in the last 6 months. I really appreciate being able to get every ingredient in every bite, which is surprisingly not easily done with most Acai bowls. Tried the Classic with almond butter, coconut, honey, and strawberries + the Rainbow with Nutella.",en,4,,yelp,qnaFtY-FmoSP1ebrPdhM7Q
yelp-378,"We started the 4 part cooking class in the event space. The chef was awesome and allowed us plenty of time to practice and create our own dishes to eat and take home. We are looking forward to the next sessions which include vegetables, meats and the final week of working in a group to create your own meal.",en,4,food+,yelp,wL_5DIYA06jXzqV3FMhfBg
yelp-379,"The pluses: Good sized dining room. Great, friendly staff. Great outdoor seating. Close to downtown. And it's frequented by many of my friends (I know you don't care)! The negatives: Parking is difficult (Small for several businesses). It's so busy that it frequently feels messy. No drive-thru. Not my fav St. Pete Starbucks, but not a bad choice if you're on that side of town.",en,4,guide+|facilities+|access_transport+,yelp,DY2MwXiena93u6JeI7Th_w
yelp-380,"I almost want to give this place 5 stars, it's tough not to. I just think there needs to be better toppings and a little more of a selection to choose from. Also, the seating could be more comfortable , but it's a dive in type place and people are in and out all day sweating so it's probably a good idea not to have back rest on the chairs.",en,4,facilities+,yelp,WFRro-8uIBpKoJ1VSKrpdw
yelp-381,Absolutely amazing pizza and apps!!! Will be coming back! Love the atmosphere and the service was amazing,en,4,,yelp,my8iGnzOiOO3__WCuRRlbQ
yelp-382,"This cafe looks very nice from the outside and the interior is nice too. I was pleasantly surprised by how good the bagel breakfast sandwich was. Very filling and felt healthy. Latte was also quite good, but the tea selection is lousy.",en,4,food+,yelp,xCXGV3wEvYd4xBGx8ZRFQA
yelp-383,Perfect size airport. Friendly service and easy security process. Easy for drop off and pickups. Very limited food options and no lounge.,en,4,food+,yelp,82gwcD3UmhQ7uwNwkeNKTw
yelp-384,Great local butcher shop with some awesome german imports and meats... Their bacon and kielbasa are worth a try as well...,en,4,price_value+,yelp,TZXTjgIdcQPbHFAeicDjQQ
yelp-385,Love the atmosphere on the inside. The staff is so welcoming and polite. I had the pleasure of tasting Chongqing hot pepper chicken ($11) and Fish fillet with hot pepper ($14)..... LOVED IT! Price can be a little high but they do offer a lunch menu (11am-3pm weekdays) that is very reasonable. If you have it spend it because it's worth it and they give u a nice portion size. So if you are in the area I recommend taking a moment to enjoy and if you like spicy food I recommend Chongqing hot pepper chicken ($11)!,en,4,guide+|price_value+|food+,yelp,SJ27iHWa1HwlW_1YRWXZcg
yelp-386,"Best Halibut I have Ever had!!!! I even took it back to my hotel room thinking I'd find a way to eat it!!! Had to eventually come to terms with having to throw it out before my room got stinky. =( There wasn't anything I ordered that I wasn't AMAZED with! Was on the phone with my best friend telling her how much I wished she had come on my business trip with me so she could have tried it! Tried replicating it, or finding restaurants to replicate it and nothing has come close to it yet...",en,4,,yelp,RLlOK2fL6xU1sfIPiP2QBw
yelp-387,"If your debating taking one of the voodoo, haunted, or vampire tours in New Orleans come here the night before. Almost all of them stop here for a watering hole. It will give you a chance to talk to the people on all the tours and pick one based on their observations. The do make one of the best hurricanes in NOLA as well. Lots of history to see in this town. And one of the last cool spots on Bourbon Street.",en,4,,yelp,qclZoDz3sjT7v5xOSj5P2Q
yelp-388,"If you're looking for top notch fried or boiled seafood Salvo's is the place you want to go. They have a very casual and homey atmosphere along with friendly service. Prices are very reasonable especially for the amount of food that you get. That being said, you may want to show up early because it gets crowded pretty quick (partially because Belle Chasse isn't exactly known for great restaurants). If it's on a Friday during Lent you will surely be better off phoning your order in and picking it up to eat elsewhere (unless you have plenty of time on your hands and don't show up too hungry)",en,4,price_value+|food+,yelp,BVv3JFBNRQW3pX9cTZizkQ
yelp-389,"This was definitely worth the wait in line. Parking is a bit of a challenge, but again worth the hassle. The breakfast burrito was delicious! Coffee super yummy. Great service. Definitely recommend this place. I can see why there were voted #53 in the top 100 places to eat in America in 2020 by Yelp!! Congrats! Yum!",en,4,price_value+|access_transport+|food+,yelp,6OwxdpajDSJi3DkMqkr2sw
yelp-390,"Great food (yes, the accolades we heard about the tacos were true!), but the service was ""iffy"" and slow. Not so ""iffy"" where I wouldn't go back tho!!",en,4,food+,yelp,k1XGvBoPAXdPoGC2W-f2aA
yelp-391,I highly recommend the spicy mocha. The barista was courteous and the blueberry muffin was awesome. Glad to see places like this popping up on the west side. They've earned my business.,en,4,,yelp,ovTOR6ci8a43WEWm_W7MMQ
yelp-392,The staff was very friendly and helpful. I really liked how clean the store was. They take pride in this grocery store. Everything is well organized and easy to find. They have a great selection of craft beers for a very reasonable price. Overall I was very impressed with this store and decently will return.,en,4,guide+|price_value+|facilities+|access_transport+,yelp,lzuHckPzwYCnf8Pk3hIr-w
yelp-393,"I like this coffee shop a whole lot and it has great seating areas. My only hesitation is that the staff wear masks too infrequently, and the patrons seem to not realize we're in the midst of a pandemic. I feel unsafe only for those reasons. The food is good.",en,4,guide+|facilities+|food+,yelp,5IcW2DreCu5zrDpll01BzA
yelp-394,"I'm a fan of the rocky movies, so while visiting Philly, of course I had to run up the rocky steps and check out the rocky statue. The rocky statue is located near the bottom of the steps.",en,4,,yelp,LDZtTWgBKEsg3M0K0s2eBA
yelp-395,Thank you for the great cup of coffee. I travel a lot and always look for the local roasters. Found this one and walked over from my hotel so I didn't have to drink hotel coffee this morning. Great cup of coffee! Staff was friendly and service was quick. Clean seating outside to enjoy downtown. Come try this place if you are staying downtown.,en,4,guide+|facilities+,yelp,OPQWnVzSu70iE26LOaZiJw
yelp-396,A plethora of food items to choose from in this food hall. You can have your dinner and dessert all in one place which I find very convenient. It's a very big touristy place to go to (which a tourist like me) had a good time at. I didn't get to try one of the vendors which had 'worlds oldest ice cream' but I'll make sure to go back and try it one day.,en,4,food+,yelp,ytynqOUb3hjKeJfRj5Tshw
yelp-397,"Man, what a huge posh bar and restaurant! I only had drinks the night before the Philly Marathon, but the menu looked good. They didn't have Blue Curacao for my Gulf Coast martini, but they made an alternative that was fine. Pretty pricey, but I expected as much from the amazing interior.",en,4,price_value+|food+,yelp,4R2KR_-FybS7oegGrXjHVg
yelp-398,"Rooms are very nice updated and clean. The bed was very soft and comfortable beds. Great water pressure but drains ran slow as heck. Stood ankle deep in water by time I got done in shower. The morning and happy hour buffet was very good. Lots of options for everyone and 3 free adult beverages per night (nice suprise), free popcorn and pop all night. Was there for a Barnes visit and they give discounts if you mention that and it was very close to the hospital too.",en,4,facilities+,yelp,rKVTgmMCy6DtCVvODhDUyQ
yelp-399,"I happen to live in Pennsport, and this place has been slipping my mind recently. I don't know why, it just has. I had been here a handful of times, and recently returned. Good beer selection, late night happy hour, and a pool table and darts. They didn't even get mad when one memeber of our party literally threw every dart into the chalk board backboard (by accident of course!). Pleasant enough atmosphere, and the food is pretty good as well. Burger and wing specials on Wednesday nights. I am going to try and frequent this spot more often!",en,4,food+,yelp,eQHk2EMRtkYZR6DH-xGQhA
yelp-400,"This is an affordable decent hotel located centrally to all the main venues such as Jackson square, bourbon street, and cafe du monde is only a few blocks away. I booked the interior room without a window and it actually wasn't too bad. The room was a decent size, came with an in room safe, 4 lamps, and the bathroom was also updated. My only complaint were the pillows were a bit stiff or maybe I just weren't used to the pillows since they made my shoulders ache after a few nights rest there. All in all, I would stay here again if I visit new orleans.",en,4,communication+|facilities+,yelp,4JWuSA8tyXHteRgh_hU_Cw
yelp-401,"Great hotel! What a pleasant surprise to find in the heart of Philly. Excellent location with plenty of stores, restaurant, pretzels, and activities nearby. The hotel was a fun quaint little place,with good coffee gratis in the lobby, converted from a bank so rooms were interesting. From the front desk to housekeeping, the staff was smiling, helpful, and quietly efficient. The happy hour in the lounge was a fun time where our group met and shared delicious complimentary tapas with our tasty cocktails. Novios restaurant next door looked fabulous with a great menu and deserved reputation and 4 star rating...can't wait to try next time. When you are in Philadelphia we highly recommend that you stay at Club Quarters.",en,5,guide+|access_transport+|food+,yelp,p6H295aQCbDJ80GcpqFvwA
yelp-402,The cioppino is incredible with tons on garlic. Veggies should be careful as there are pieces of ham in it. The steamed mussels was awesome as an appetizer.,en,5,,yelp,OrU9wTeHJSLMwyGqYg4FAA
yelp-403,"This food is on point. Some of the best tacos I have ever had. I don't normally like corn tortillas, but these ones were super light and delicate. It's a small building and in disrepair, buts all about the food. I'll get better at these reviews, but in short : Unassuming hole in the wall with great authentic food.",en,5,food+,yelp,RqW9S4WG9UYZHKhHRHXJZg
yelp-404,"This place is awesome. We visited as part of the brewery tour and left so satisfied. Try everything but maybe not the graham cracker vanilla stout (good until half way through) sours were tasty, IPAs typically delicious , and the paradise park was perfect. Fun entertaining brewery that needs to get in my beer distributor soon!",en,5,,yelp,B6-GVRwT6tv8V30tz5jxqw
yelp-405,"The beignets are light and deliciously airy. The coffee rich and full bodied.... Definitely much better than Café Du Monde, (disclaimer) in my opinion. Skip the tourist trap, and instead, go to the mom 'n pop shop around the corner.",en,5,,yelp,Y2Pfil51rNvTd_lFHwzb_g
yelp-406,"On the western border of university city, Lee's Deli is a neighborhood institution. Their sandwiches and the house-made deserts are something to behold. When you stop by Lee's you'll enjoy generous portions and a very friendly staff who is more than happy to make recommendations. When the staff found out it was our first time there, they treated us to complementary carrot cake. They are very vegetarian friendly and feature two meatless cheesesteaks, both of which are delicious. I like the seitan cheesesteak a bit better than the black bean, but they're both quite good. The regular cheesesteak is amazing and tasted just as good the next day.",en,5,guide+,yelp,KHe6HAqmyioITwTvg9Bbcg
yelp-407,The staff were truly very great and friendly. They offered recommendations and water every time we left the building. Really very nice and location is fairly central to everything!,en,5,guide+|access_transport+,yelp,gFrS8iKwKXJ13vrcZavPFg
yelp-408,"My favorite coffeehouse in Tampa, hands-down! It has such a warm atmosphere, it makes you feel right at home each time you walk through the door! It's hard to go anywhere else after having their coffee and kick myself when I try.",en,5,,yelp,HqV4cganalEtEtKGALbzOQ
yelp-409,What a beautiful place to have lunch. The food is fresh and simply amazing. I cannot get enough of that hibiscus tea it's so refreshing,en,5,food+,yelp,UoZg0xZepdMXbK_2dtT2nw
yelp-410,"All the coffee is delightful and not just anyone can nail an almond milk latte the way Coffeebar does. The food items are always delicious, and if you're feeling a little sweet I highly recommend the Giuseppe bar.",en,5,food+,yelp,CPFKi2lZJazP6IdtCdDDyg
yelp-411,"The dinner menu is subtle, intelligent, sophisticated, and bold. There is an awesome attention to detail in each meal, it's exciting. Plus everyone is very friendly, and they let you have a leisurely time, great service.",en,5,food+,yelp,_qgqa4X1OiMLqub1hHaMjg
yelp-412,Awesome French bakery! This place was perfect for breakfast and is in a little shopping plaza with some great stores if you have to wait for a table. You'll want to plan on taking extra pastries home :),en,5,food+,yelp,-loV4cB2Uh9TCltTRgGzWQ
yelp-413,They have a great Tuesday BOGO 50% off for Pad Thai. Clean location and quick service. I would consider this a quick casual restaurant.,en,5,facilities+|access_transport+,yelp,aurSXIlX86Ob94kYvSSDPw
yelp-414,"Love this spot. Very modest looking from the outside, but inside it's cozy,colorful, and most importantly the food is delicious. We've been back four or five times and the quality is consistent. If you want a locals recommendation on an Indian spot, come here! My favorites are the tandoori chicken and tikka masala. Soooo yummy!!",en,5,food+,yelp,35GCFtezJ3upyqGf-zJ8MA
yelp-415,"Had a great iced coffee and absolutely perfect apple tart here. This location is right across the street from the Liberty Bell, so it's a great spot to relax in after walking around. Service was friendly and there are plenty of places to sit, plus free still and sparkling water on top.",en,5,access_transport+,yelp,pq8x9lii-ZV1U4RJVG29Lg
yelp-416,"Great restaurant. Staff, from the bartenders to the wait staff are outstanding. I highly recommend this establishment.",en,5,guide+,yelp,4-_I1gz5Jne4z4SN3J5Zhg
yelp-417,"After attending the Penn State prospects camp with my son,we traveled here later that night. We stayed overnight here to shop in Philadelphia for the daytime! Located in Center City this place is posh! It's strategically located for plenty of restaurant visits and shopping. If your an Eagles fan its not far from the arena. They have a snack bar that is over priced as many hotels are. The rooms facing the city streets are stunning! I highly recommend you stay here if possible. All the staff including the Valet were awesome.",en,5,guide+|price_value+|food+,yelp,EaBgGhjd8rB9KVvCXKaiAw
yelp-418,"Great breakfast experience! Great treat for the kids. Loved their service and food all around 5 stars!! Bob Evans has the best pancakes, if you're new to Bob Evans be sure to give them a try!!",en,5,food+,yelp,Ay9nthqEaLUCQOd8zs67bw
yelp-419,"My partner and I had a fantastic two-day stay here! The room was cozy and pleasant, the bed was comfortable, and the view was excellent. Two particular staff members stand out; Annette and Milton. Annette answered our room charge questions when I was panicked at 1 in the morning, and explained them to great clarity. When the next day, we had to change rooms (due to a sudden need for a second stay), Milton found a way to allow us to keep the room we had instead of having to check out and in again. We were very grateful for all the assistance, and would absolutely stay here again!",en,5,guide+,yelp,p6H295aQCbDJ80GcpqFvwA
yelp-420,Great place - the staff is super friendly and knowledgable about the teas. And the açaí bowls are delicious. We will definitely be back!,en,5,guide+,yelp,1nMLt5F9MO-RUhW7jMVlMQ
yelp-421,I love this place!! The guys who work there are so nice and very helpful!! The store is nice and open and someone is always there to help. They are not pushy and will give you honest opinions. One of the guys let me try a protein shake flavor before I bought it and then gave me and a friend a free tshirt since we are moving out of the city. They will also ship to you!! They have very comparable prices and they won't lead you astray. I'm a huge fun! Definitely check them out :),en,5,price_value+,yelp,K29-nM9dOgiYUC1ACqeyUg
yelp-422,"This is hands down the best pretzel place in the Philly area. They've been a staple in our family my whole life. The customer service is always great and the pretzels are delicious. If you're a fan of porkroll, you've got to try the porkroll and american cheese on a pretzel. So good!",en,5,,yelp,LAL-W7lTr2krLkGpTcPIXg
yelp-423,"Aldi's definitely has the best prices in town for groceries! They are all Aldi's own brand but are just as good quality as publix or Walmart! You have to bring your own bags or pay 10 cents each for theirs. Also bring a quarter to get a cart and when you bring it back you get your quarter back. I definitely recommend this store, although it could use some background music!",en,5,price_value+,yelp,_jMizEj8rRWEpvJnfqDDlA
yelp-424,"I spent 12 dollars for enough food to feed a party. 30+ warm tortillas, a bag of chips, and 2 salsas. The tortillas will make you want to never EVER buy them from the grocery store again. So worth the headache of trying to park in the Italian market on a Saturday.",en,5,price_value+|food+,yelp,TE2IEDNV0RcI6s1wTOP4fg
yelp-425,"Excellent cafe latte prepared by a friendly and competent barista. Really relaxing outdoor seating in the super interesting and quaint MSA Annex. Come for the caffeine, stay for the unique shopping experience",en,5,facilities+,yelp,RQBwDVWNCyhhsLcyD6rkMg
yelp-426,"OMG Piekutowski's is still around...I remember going there as a child and Benny, the one butcher, would talk to my grandmother & dad in Polish. The lady behind the counter would always give my brother and I a slice of the fresh hard crust bread to eat. I remember when my grandmother would get her Krakow for Easter and would take it the Saturday before Easter to St. Stanislaus and have her Easter food blessed. What wonderful memories.",en,5,food+,yelp,50QTrfSrow-F2Avsjabl8w
yelp-427,Came here for a date night with my hubby n we are from NYC. He had the filet mignon that melted in your mouth. I had their special seafood home made pasta in white wine sauce. Oh geez that was delicious. We also finished with Trees Leche cake. Just as good as their sister restaurant MADERA. Diego our server was great. He recommended an awesome Malbec wine. If only we lived closer.,en,5,guide+|food+,yelp,wjGV_sRxlhLKgvOBA8PhYQ
yelp-428,I have been to Caffe Nation on Valencia easily over 30 times over the past year. Two co-workers and I first went there when the line at the place next door was out the door and we had a limited time for lunch. We have not been back to the other location since. Caffe Nation is a great place to eat. Their menu is extensive without being overly big and their staff are always friendly. We can always get in and out of there with plenty of time to spare if we have a limited amount of time for lunch.,en,5,guide+|access_transport+|food+,yelp,9ygXHUaa7_cW2ou98VHaeg
yelp-429,"The only word to describe this place is amazing! You can create your own donut or pick one they've already created, no matter what you choose they will be delicious!",en,5,,yelp,LtG1BloPZmht57B4f8pimA
yelp-430,"I have been amazed at how welcoming this neighborhood coffee shop has become. The coffee drinks were always good, but I haven't been in for quite awhile since we lived only a few blocks away. But yesterday day we went in for a cup of coffee and a snack about mid-morning. I was surprised at how many people were there. It has become quite a gathering place. There was still plenty of place to sit. They have comfy arm chairs, standard tables and chair, and outdoor seating. Good for those walking their dogs. Brewed coffees, smoothies, espressos, Italian ices, and more are offered. Pastries by Gaston were offered. Good for a visit with friends and leisurely passing the time.",en,5,facilities+|food+,yelp,BursGHy9rw7um9xd90058g
yelp-431,"Various tour options. Tons to see. Occasional shows, and a free photo of you on the stage with any ticket. All five of.our group got a photo so we had a full group and a mish mash of other groupings. So much to see and plenty of time. Lots of sanitizer stations and a great little gift shop. Center of the known strip and lots of parking nearby. This is a spot you have to visit in Nashville when you are there.",en,5,access_transport+,yelp,4Cal2AE6cr7m6nL20Rz2kQ
yelp-432,Delicious! A fantastic way to cool off in Tucson and beat the heat. I recommend the mango slush with boba.,en,5,,yelp,KYFJ7qh7bYYAsjnGrhH3NA
yelp-433,Great customer service with an excellent product! Nobody does it like the Human Bean! This is my go-to for hot and cold drinks.,en,5,,yelp,D_-w6oXNj_33E7-urbSLLQ
yelp-434,"I went to Volo Coffeehouse for the first time yesterday, after doing a search for places with good coffee where you can get work done. Volo popped right up. Free wi-fi (worked perfectly for 4 hours), the coffee is AMAZING (drank 2 lattes while there), had a prosciutto sandwich that took me right back to when I was living in Rome, and the staff was quick and friendly. If you're looking for a regular coffee place in Manayunk, this is it.",en,5,guide+,yelp,k2YJkdLg25xlYjshpeEtkQ
yelp-435,"This is a great parade! They throw well. My little nephew got a number of cool throws and I didn't see anything dangerous like whole, unopened bags of beads being thrown (I'm looking at you, Endymion). Furthermore, It was fairly easy to get a good spot for the parade. Plus, there was plenty to look at and enjoy. The floats were pretty and there were a number of cool bands and groups marching with them. The 610 Stompers! The St. Augustine Marching 100! There were any number of fun sub-groups. There was a dance group with a mermaid theme and cool jellyfish lights and the Try Athletes with their be-lighted adult tricycles. Such fun!",en,5,,yelp,ZFzQYo_33tMS4q3AhzemiA
yelp-436,"This hotel is amazing!!! Beautiful courtyard, sweet staff and affordable for being about 30 feet from bourbon street. If you are looking for a posh, upscale hotel, go stay at the Astor or 4 seasons. If you want a romantic, cozy, quaint and historic hotel, this is the place to be. We stayed in the creole cottage and I was taken aback by its beauty and charm. The staff was also so sweet. When we told them it was our anniversary they brought us a box of chocolates.",en,5,guide+,yelp,vm88cHZGhtmMgU2rhIAmug
yelp-437,"You'll have a great time! My wife and I opted for the 2 hour butterfly beach tour. Tim was our guide. Very friendly and knowledgeable, he gave us tour of the beach and surrounding area. Segways are fun, and you are trained well enough to operate it. By the time it was over I was sad to part with it. Highly recommended, especially in an area as beautiful as Santa Barbara. Well worth the price of admission.",en,5,guide+|price_value+,yelp,-mHLlBqekJe_VC61ouI9yA
yelp-438,"I had never heard of this place until I came here for a group meeting for college. I loved the look as soon as I walked in. It's a little small, and may fill up fast, but it's a great place for meetings, schoolwork, or just sipping coffee and enjoying the atmosphere. The staff was very friendly and helpful! I ordered their chai latte (hot) and it was the best I've had yet! Way better than Starbucks (sorry Starbucks!). For anyone who hasn't been here and plans to stay and enjoy their coffee, their wifi password is on the chalkboard next to the cash register. It can be hard to notice if you don't know where to look.",en,5,guide+,yelp,_uIK_DBXx8ekjl5O8ZxgsQ
yelp-439,"I've been to many zoos that cost money such as Brookfield Zoo in Illinois, Milwaukee Zoo in Wisconsin, and San Diego Zoo in California. This was by far my FAVORITE zoo. The architecture of the exhibits is designed so well! You can see the animals relatively close from many many different angles! Just have to pay for parking because the free parking spots were under construction! Thank you for a great experience! Visited in December 2016",en,5,price_value+|access_transport+,yelp,X8hwEPRoRcLjbKVlVt1b1g
yelp-440,"Delicious ice cream, was really impressed. The ice cream is very rich and tastes delicious and like nothing I've ever had before. The staff was super friendly and the atmosphere was great, will definitely be coming back here again. I had the cookies and cream and the munchies and they were both delicious, my boyfriend is obsessed with this place too. You must try it!",en,5,guide+,yelp,g9p601DS_0uq-aiEA7ypxQ
yelp-441,"A cozy, quaint coffee lounge with a great selection of craft espresso drinks! I ordered the coffee flight and my boyfriend ordered the bye bye blackbird, and we both got the sausage, egg, and cheese breakfast sandwich! I really enjoyed the option of trying various espresso's, and the bye bye blackbird was wonderful! Although, I would have to say the sandwiches were just ""ok"". The ambiance is on point...low-key coffee lounge music (talk about a vibe!), plenty of table and couch seating, lights dimmed just enough to set a chill mood, and not loud overly-busy chatter from other patrons...and we were there at 930AM on a Sunday morning! Definitely a must-go if you're in town!",en,5,facilities+|food+,yelp,G2okUNH-Jeks8hqJvSilcw
yelp-442,"Always the best of everything! Thanks Vince for ordering my stuffed peppers special, and always providing the best customer service and highest quality products that takes me back to my Italian childhood.",en,5,,yelp,7g6bsvzLv50NCgXgUfjSdQ
yelp-443,"This ace is amazing. The strawberry, banana, Nutella crepe was giant and fantastic. The vanilla latte was even superior. Very sweet and tasty. I'll an to come back every time I'm in St. Louis.",en,5,,yelp,b4YPBSnqU5_L6TUz147Dow
yelp-444,"Probably one of my favorite beer experiences. Pro's: 1) The pale ale I ordered was fantastic. It's rare that I'll drink a beer and be impressed by how flavorful and aromatic it is, but that was certainly the case. 2) The people, both patrons and servers. There were families there with babies, dogs, etc. And, no college/club type crowds. Very pleasant atmosphere. 3) The food truck was a welcome treat, and contributed to the outdoor feel of the place. Con's 1) The neighborhood is a bit intimidating if you're not familiar with the area. We parked a couple of blocks away.",en,5,guide+|food+,yelp,XCDXN4xJh3-DauaO88CZHQ
yelp-445,"My review is based upon the hospitality and help I received from this amazing Holiday Inn. I was here for 4 nights due to a family medical emergency - the staff went above and beyond to check on me, made sure I had transportation to Vanderbilt Hospital if I wasn't up for the short walk, and every morning asked how my loved one was doing. I had a room which was quiet, clean, and stacked with quality shower products. Nice perk with a microwave and mini fridge but the bed and pillows provided just what I needed after stress fulled days. When the chips are down, kindness goes a long way. Thank you Holiday Day Nashville-Vanderbilt...",en,5,guide+|facilities+,yelp,pAgtmlIGqFYaWdBoCUeitw
yelp-446,"This is a gorgeous restaurant! I had a dinner last night with my two Japanese colleague and both of them love it! The beer, appetizers, yakitori and ramen are all very authentic and delicious. I am very satisfied with the great food and service.",en,5,food+,yelp,OZi0fOn8-ISUwhEAWC_8Gg
yelp-447,"I love cc simply because of their hours. So instead of ppl making coffee shops feel like shh shh libraries, you can feel free to do that at say anytime of the day. I get so much studying done in the wee hours of the night. Comfy. I have always picked off of my boyfriends sandwiches here, sorry when I study I'm on a roll and not focused on eating lol. Love the ambiance and chai latte...mmm",en,5,,yelp,GjpMXrlTWpADpyUR1WByNA
yelp-448,"As a self proclaimed wine geek, who has been on many tours, this was the most informative I have ever been on. The spirits are also amazing. Well worth the price. The Groupon got us in there, the owner James, kept us with his knowledge. Can't wait for the Rum t ok be available.",en,5,guide+|price_value+,yelp,Up1oOg7UxxH6kb_YgkSrAw
yelp-449,Paige and her family go that extra mile to make sure all of your travel arrangements and accommodations are to your specifications. I have done a trip to Alaska and my trip and excursions were above my expectations. They cater to all of your needs and they stay on top of all the great vacation spots and get the best deals on airlines and hotels. They definitely will get my next vacation,en,5,,yelp,5XmpruHfv8YbCc8jxKPaYw
yelp-450,"Wow, this place is a gem!! A beautiful little shotgun on a quiet corner in the Treme. Great coffee, delicious pastries, and absolutely scrumptious Mediterranean breakfast! I went with the family, so we sat in the front room and chatted, but there was also a very quiet back room that would be ideal for studying and sipping coffee.",en,5,food+,yelp,XwpjTjy_jwWGAlG_rt1Hrg
yelp-451,"My friend and I were complaning about how it was hard to find simple healthy food out in Philly, and then lo and behold we walked by Pure Fare! The food was delicious, the staff was helpful, the aesthetic was lovely. It's often almost empty for dinner so they don't have pre-made stuff, which was fine by us! We sat down at the long table in the middle of the room and played on the floaty chairs and chatted while we waited. Will definitely be returning. Like, tonight!",en,5,guide+|access_transport+|food+,yelp,LiHdRXlcj0GDm_e97oiwKw
yelp-452,"Oh yeah! I'm talking about 'the fish market' at Kona Jack's. Where in Indiana can you go and trust that the seafood was swimming the day before. I do here! The reviews that speak of over priced in the restaurant, maybe so. -- try buying your own and preparing it in your own home. Call and ask what came in that morning. There are a couple of places that I think you can trust the fish monger's dates on seafood in the city and there are many that you can't. -just do the research!",en,5,price_value+|food+,yelp,b7KbT33H4OacWX2N_bsBcQ
yelp-453,"First time having authentic Szechwan style food. The service was great, but the food - the food - was fantastic. I love mapo tofu, and this is hands down the best mapo tofu I've ever had. The spice level was perfect, and we had huge chunks of yummy tofu. We also ordered the stir fry chicken with jalapeños and chili peppers - this chicken had a great smoky flavor, perfect crispy sear, and it was delicious. Portion sizes were perfect, and we had tons of leftovers to take home!",en,5,food+,yelp,SJ27iHWa1HwlW_1YRWXZcg
yelp-454,Found this cozy gem of a restaurant while visiting the city...absolutely loved my breakfast..coffee was great..not the same old same old...breakfast hash was outstanding and service was quick and very friendly. Great little spot!,en,5,food+,yelp,7NwFNLC0SwX1SwQYlfF5yw
yelp-455,"Nice little family run business. Bagels were really good. They were really generous with the cream cheese, more than I prefer, but that was fixable. Donuts were excellent too.",en,5,,yelp,kBuzuNDQNM26AUbnkRVifg
yelp-456,"This is now closed , will reopen as a carry out Jewish style deli. Stay tuned for more info!",en,5,,yelp,EQ-TZ2eeD_E0BHuvoaeG5Q
yelp-457,"Great beer. Love their cubano, smoked chicken wings, and jalapeño ranch salad dressing. Kindest, most attentive folks working there. They have even held our fussy baby so we could eat our lunch. I love this place!",en,5,food+,yelp,5U6M5mdJ4CMUefBpsIrcSw
yelp-458,"So we found out about this place on Man vs Food so when weren't to Philly we obviously had to try it. My daughter was all about the Mt Vesuvius and since it's quite large, I shared with her. It was AMAZING! Honestly, I could have finished the whole thing on my own. Hubby had the mint chocolate chip and he says it's the best ever. Great service and amazing ice cream.",en,5,food+,yelp,qQO7ErS_RAN4Vs1uX0L55Q
yelp-459,"I have a bee favorite restaurant! They make the wine, and it was so good!! I had a flight of 4 so I could try some different wines. Their fruit wines are so good and not too sweet! My favorite was the green apple. We ordered a cauliflower crust pizza. It's so hard to find good gluten free pizza. It was fluffy and sooooo good!! I ate way too much!! The owners served us. They were so friendly and welcoming!! You have to try this place if you are in the Virginia Square area!!!",en,5,guide+|access_transport+,yelp,DKFU7w82t-X2WyF0t-qcMA
yelp-460,"By far the best donuts I have ever had. Fresh, natural ingredients and the taste....simply wow. Favorite is the blueberry fritter. Apple fritter is close second Line moves quickly and everyone is very friendly. Been there three times during my conference and keep going back to those blueberry fritters... Soft with the right amount of chew and sublime taste. Totally worth the 95 cents for a donut !!!! I would pay 5$ for one of those!!",en,5,price_value+,yelp,atZ_olNKXOG4rEr6mccN8g
yelp-461,The owners are extremely kind and the food is delicious! I ordered a juicy fruit juice and sweet panini. The atmosphere has a lot of good vibes with great music playing in the background which adds to the ambiance. I'll be returning soon and highly recommend The Juice Bar!!!,en,5,guide+|food+,yelp,q0prgm5rlUfJiR1V_0UzkQ
yelp-462,"YAY! They're on Caviar! I can still get my scone/cookie/chocolate fix during ""COVID lock-down""! They're baking to order, which means I got warm scones. Perfection. (I did a pick-up at store -- they have a doorbell.) A.G.'s exceptional goodies honestly do help ease the stress of the quarantine doldrums.",en,5,,yelp,cZnS2iTmPY6V58YqHiARxQ
yelp-463,My go to coffee in philly. Started buying it at whole foods. French press it at home. Fantastic! The owner is so about quality. Thanks!,en,5,guide+|food+,yelp,pq8x9lii-ZV1U4RJVG29Lg
yelp-464,"I went here for dinner on Wednesday to catch up with a friend and this place is so good! I got two tacos, both of which had very fresh ingredients and tasty sauces. I also got a pineapple margarita that was awesome! I definitely plan to return at some point!",en,5,food+,yelp,wnjFEC-w0qWnyDnO8k1RpA
yelp-465,"We just stopped here on a whim as our original destination was Texas Road House next door and it was delicious and service was outstanding! Our waiter brought seafood bread as we were seated...so good. Waiter was very attentive despite being short handed and my sweet tea never ran dry. We tried a sample of gumbo, because no two are alike, and it was so good we got a bowl. Split a boil and an order of crab cakes for main dish and surprise....we got fried cheese sticks in the crab cake basket. I could hear the neighbors all raving about their food as well. Go eat here if you like cajun. food. Trust me, it's worth it!",en,5,price_value+|access_transport+|food+,yelp,TDRw3TX_lMAqwsHRfVOiRQ
yelp-466,"I love this Starbucks... Probably one of the busiest in the Spanish Springs East Sparks area. Always friendly and never got my order wrong... Sometimes the sand which might be a bit cool but heck I just press on.. The team does their best and probably can use some LEAN Management, heck they are always awesome.",en,5,,yelp,EAApVzr9Uib9rvDs67RsNA
yelp-467,"Our favorite area restaurant. The food is always freshly prepared and the atmosphere is unique. And BYOB. Friday night used to be pizza & hoagie night but now it's shawarma night. Take home the eggplant, chicken or London broil shawarma and you'll never go back to hoagies! In the summer you can bring your wine and dine on the front porch. Nothing like this in our area. Initially I was afraid I wouldn't enjoy Lebanese cuisine but along with the shawarmas my favorites are the lasagna and the eggplant & pasta. And Wadiha will make things extra spicy if you want.",en,5,food+,yelp,lTeoNvVo9cNvI5DLRkl9Sg
yelp-468,We had the sweetest tour guide. I laugh because you walk in and they go 'Tada.. welcome to the distillery... Ok that's it what would you like to try'. Our bartender was in a mixing mood and we got to try out several different vodka drinks and some of the whiskey. I had to buy a bottle at the end of it coz it was just that good. I'm glad we happened to run into this place and walked inside.,en,5,guide+,yelp,fVUHXhY6QyQAb64M2pkeBA
yelp-469,"Excellent customer service for Starbucks and this location. Even when uber busy, this store takes pride in making the customer happy. Small location, but nice high tables in the back for intimate conversations.",en,5,access_transport+,yelp,4lkbbB4y_kaoPdDxq0F3Hw
yelp-470,What an incredible experience!! Our tour guide was Eric and we got to hold the alligators!,en,5,guide+,yelp,G_0DHhlPXZrlkh-GudV4ew
yelp-471,"The ocean house was amazing. From start to finish the service was impeccable! Lauren's warmth and professionalism was only exponentially improved by Yuri's responsive and quick service. Yuri's recommendation: the parpadelle main course with a jalapeño addition- a must! The only tiff was a bad attitude in the Bacara bar prior with a young waitress (Amanda?) Nonetheless, thank you Angela for a quick recovery and Lauren for an amazing evening. We will definitely be back! With friends!",en,5,,yelp,c0v6NqG5Fo49Nq3DiEef5w
yelp-472,"Thank you for a wonderful experience! Our tour guide, Majd, was excellent and I highly recommend him! He was very knowledgeable, especially of Scripture (we had some great discussions!). We were so impressed with his ability to speak multiple languages and to all kinds of people everywhere we went. He knows everyone and they all seem to think very highly of him. Because we had been to Israel already a few times, he wanted to accommodate our wishes and for us to have a meaningful experience, so he provided options - all of which were excellent. We learned so much about our faith and grew to love Israel even more!",en,5,guide+,yelp,ctkpTgLwG9tt1w1rQRizsQ
yelp-473,"This place is great, you can stop by and have a drink of their many beers they have on tap. This place is dog friendly and they have outdoor seating. It can be hard to find parking on the street out front usually which you have to pay for but if you go one street don't usually you can find free parking. The beer is also very good",en,5,facilities+|access_transport+,yelp,qqwLMcabnJUtsHgCAjOyOA
yelp-474,Fantastic gem!!! Breakfast skillet and strawberry/banana crepes are absolutely delicious. Greek salad is yummy; perfect for lunch. Irene is the sweetest human on Madeira Beach. Makes you feel like you are visiting family in Europe. We stop by weekly. Always a great experience. Highly recommend this restaurant to everyone.,en,5,food+,yelp,j39XNl7bqQ_zSaHimsyBpQ
yelp-475,Favorite bagel sandwich in old city. Fast and friendly service. Cafe also sells kinder bueno which is a real plus!,en,5,,yelp,AWJyivVwe3t9BO-k8D0ynQ
yelp-476,Amazingly fluffy and tasty kolaches. When you bite into them you taste the homemadeness instead of the prepackaged as with many breakfast places today. My go-to spot on the east side when I'm looking for something semi-quick.,en,5,food+,yelp,8jwsNjvVNJiYN7AnxHdMLA
yelp-477,"Excellent tour, interesting runs, whiskeys, and liqueurs. Samples of local chocolate and pickles are available as well.",en,5,,yelp,vsqjDiteI70xXh2ZuEQtvA
yelp-478,Great yummy food. Ordered the wonton soup and beef pho with tendon and it was so delicious. Tasted very fresh. We also ordered the crispy chicken appetizer with extra basil and that also was delicious. The spicy squid balls were so good with the sweet chili sauce. They also have bubble tea there too and their drinks are also delicious and perfectly sweetened. Can't wait to go again!,en,5,food+,yelp,vetEEi-77Mlik9SogwlcFg
yelp-479,"We had the shrimp, chicken and fish tacos. They were all great, but the fish were amazing. We noticed everyone coming in the restaurant got the soapas and so we went up and place another order. The chicken sopa was amazing. It's worth the stop.",en,5,price_value+,yelp,RqW9S4WG9UYZHKhHRHXJZg
yelp-480,"A GREAT EXPERIENCE. I've done this twice now - 1st with girlfriends, 2nd with my husband, sister, and brother-in-law. Sal truly enjoys sharing his glass blowing expertise. He is a great teacher, very calm and patient. I think we are very lucky to have this opportunity in Santa Barbara. Thank you, Sal.",en,5,,yelp,xuhCaQ1gnWyHY0tFSsrh2g
yelp-481,"Great place for food and craft beer. Its artsy, fun, casual, and the food is excellent. I'd refer any pizza lover here!",en,5,food+,yelp,yI-ahfduU45_bZa3ZgEx4w
yelp-482,"It's always those tiny little holes in the wall where you discover something special, The menu is small and simple and they perfect the few menu items that they have. They definitely got a regular customer of me",en,5,food+,yelp,8ihWBaqzn5hx4kwQm87GzA
yelp-483,Lunch here today. The lasagna was fantastic & spaghetti and meatballs amazing! What I enjoyed most was the salad--- not sure what they did to it but it was amazing! We will for sure visit here again! My hubby loved the bread dipping oil too!,en,5,food+,yelp,iDZmCTXMxZi_HlAmOKyEeQ
yelp-484,Amazing! 2nd time trying this place during my 2nd visit to NOLA and definitely would come back... all good was delicious! Didn't take pictures of all the food but yum-o,en,5,food+,yelp,iSRTaT9WngzB8JJ2YKJUig
yelp-485,"Love EarthFare, the managment and especially the staff. Sales addre very good especially for quality. I'll only but my wings there and ground beef, soups and rotisserie chicken are very good. I'd live to see good staff stay around a longer however. Cheese area has some longevity but not meat area, and it is hard to keep good peeps who care and seem to have fun and like what they do. It feels like a neighborhood market.",en,5,guide+,yelp,ZyoQIM7cVOekqWYfwZ1sNg
yelp-486,"Very authentic, always good quality ingredients. We typically order takeout, but they have a nice seating area in the back of the store as well. The burritos are my personal favorite, but have never had a bad meal here.",en,5,facilities+|food+,yelp,bUCKMsxYP3dlzm5JqzozSQ
yelp-487,"Very delicious, made from scratch recipes. Seriously some of the best food I have had in a long time. Get savory and sweet dishes and share with each other! We ordered an omelette with goat cheese apples and walnuts and the Dutch baby. Both were equally amazing but they really tasted so good when you had a savory bite followed by a sweet note. The staff was super friendly laid back and helpful. The chef came out to check on our drinks (Bloody Mary - yes. Order this) and our food. I highly recommend this place, you won't be disappointed great for small or bigger groups. PERFECT for brunch.",en,5,guide+|food+,yelp,IDjYyBrPW5C2CT9mXsyuBA
yelp-488,Excellent. Everything from their delicious breakfast to the baristas creations. Frequently get the platter breakfast. One of my favorite breakfast spots to eat.,en,5,food+,yelp,Hj44PIrCtv61ETVclzLMwg
yelp-489,"This is the greatest hotel ever!!! The hotel is gorgeous, it has an vintage vibe but still very modern. If you can stay in the executive suite. The bathroom is to die for. I arrived a little early and they let me check in early. We also were able to leave our bags when we checked out so we could venture downtown. it was amazing I never want to stay at another hotel again!",en,5,facilities+,yelp,ms1m_m0twSJxcQz7tdyVDw
yelp-490,I tried the Cafe Borgia since it is their signature latte. I am so glad I did. It is absolute perfection! The rosemary and goat cheese quiche was also delicious. The staff is very friendly and the seating is comfortable. I hung out and worked on my laptop for a bit. Free wifi is always a plus! This is definitely a neighborhood place. Parking is very limited.,en,5,guide+|facilities+|access_transport+,yelp,8E2--KcyOrJx8my51jid2w
yelp-491,"I just went for a Plain Jane and it was damn good. Went next door for some vanilla ice cream with popcorn on top, and that was damn good as well. Yes, I definitely recommend and will go back.",en,5,,yelp,g2zwbLIqxtN9nGGuL43trg
yelp-492,"Believe it or not I prefer the experiences and meals I've had here to the higher end Harvest Room. The service is always bang on. The food, while simple, is dead one 9 times out of 10 (had butter chicken once that was crummy). I keep coming here because I love the super comfy chairs, atmospheric room, fab fireplace and ultra friendly & professional staff. If you think about it, burger and a drink for $25 with all the service & quality this place offers - it's the best deal in town.",en,5,guide+|food+,yelp,HSpOc3IrbXtEP3I18phh-w
yelp-493,Best kept secret in the Odessa/Land O' Lakes area. Food is awesome and incredibly fresh. Indoor/Outdoor seating right on a large pond. Doesn't even feel like you are in a neighborhood. Will definitely be back!,en,5,facilities+|food+,yelp,UnN-wx3ogx0lW3UokqQxRQ
yelp-494,"If you're looking for an authentic Asian grocery store, this is the place. They have things here I have never seen any other grocery store. When I'm on this side of town I come in for specific things I cannot buy anywhere else. Everything I see is so fresh. You have to give them a try.",en,5,,yelp,E2l9h35n-BpwWpV5RVye-w
yelp-495,Build your own hash? yes please! Wish we found this place yesterday. The corned beef in my hash was sooo good. The girl working out front is a sweetheart and very personable. Next time we are in town we will be back and you should too!,en,5,,yelp,MbzgGsMQpGyVrUJXi_Jw0Q
yelp-496,"If you do anything when eating here get the pancakes!!! Also, the grits (even without cheese) are some of the best grits I have ever had! And I'm from the south and grew up eating a southern breakfast my entire life. This place is adorable and we didn't have to wait at all! It's now a must for when I visit New Orleans! Which is a continuously growing list... haha",en,5,food+,yelp,g04aAvgol7IW8buqSbT4xA
yelp-497,"Wedding Planning, awesome. My daughter got married here on May 31st. Celia, the wedding planner at the hotel deserved the biggest tip of all. She is a Wedding Planner, not a hotel employee. She was there for every aspect of the event but never in the way. She checked ballroom temperature after the guests arrived and turned the AC up, guarded gifts and envelopes, ensured bars were stocked and so much more. And, they can, and did served restaurant quality food at the reception. Nice rooms, great location, close to many things to do. This Hilton gets weddings, Celia brings it all together. Thanks for a great experience!",en,5,access_transport+|food+,yelp,BRGIa4noG3pB_f-sd2CiBg
yelp-498,Hands down the best authentic Mexican food I've had in Nashville. Not further comment needed. Just go try it on own and I'm sure you'll feel the same way.,en,5,food+,yelp,OkyiiyLbPCM0HVGp3jps2Q
yelp-499,one of the best boba places in Indy. The workers are all always super willing to help with recommendations and making sure you're happy with your drink (give a lot of samples and they remake drinks if there's anything wrong). Really wide variety of drinks so it never gets boring! love this place,en,5,,yelp,08ZKDwgc7_djSZkawBu-nA
yelp-500,"Go! Just go, for your own sake. Don't cut your time, because after you see the ""Boundaries"" film, you'll want to spend a lot of time. 3-4 hours is not unusual. Go and be moved and more appreciative for this wonderful country.",en,5,,yelp,7Iv-6B0EH-yVo5o_VnykWw
